期別,開獎日期,兌獎截止日,第一區_開出順序,第一區_大小順序,第二區,第1球,第2球,第3球,第4球,第5球,第6球,銷售總金額,總獎金,頭獎中獎人數,頭獎單注獎金
113000115,2024-05-13,2024-08-13,36 14 04 33 37,04 14 33 36 37,,4,14,33,36,37,,39501200,26618500,0,0
113000116,2024-05-14,2024-08-14,07 22 18 11 20,07 11 18 20 22,,7,11,18,20,22,,35920550,11274850,0,0
113000117,2024-05-15,2024-08-15,33 04 26 14 06,04 06 14 26 33,,4,6,14,26,33,,39644150,18085700,0,0
113000118,2024-05-16,2024-08-16,21 33 35 10 09,09 10 21 33 35,,9,10,21,33,35,,35762850,10004550,0,0
113000119,2024-05-17,2024-08-19,27 19 30 38 14,14 19 27 30 38,,14,19,27,30,38,,36852150,27125600,0,0
113000120,2024-05-18,2024-08-19,37 11 32 05 10,05 10 11 32 37,,5,10,11,32,37,,38136000,34900650,0,0
113000121,2024-05-20,2024-08-20,32 05 03 34 28,03 05 28 32 34,,3,5,28,32,34,,40517850,10591250,0,0
113000122,2024-05-21,2024-08-21,16 24 01 03 31,01 03 16 24 31,,1,3,16,24,31,,33881650,9426950,0,0
113000123,2024-05-22,2024-08-22,29 15 13 23 11,11 13 15 23 29,,11,13,15,23,29,,37457250,20340700,0,0
113000124,2024-05-23,2024-08-23,23 34 26 14 27,14 23 26 27 34,,14,23,26,27,34,,34542700,8529500,0,0
113000125,2024-05-24,2024-08-26,39 05 16 22 26,05 16 22 26 39,,5,16,22,26,39,,35220150,16305150,0,0
113000126,2024-05-25,2024-08-26,34 15 38 32 01,01 15 32 34 38,,1,15,32,34,38,,37165400,23793100,0,0
113000127,2024-05-27,2024-08-27,24 17 14 13 05,05 13 14 17 24,,5,13,14,17,24,,37776500,26074250,0,0
113000128,2024-05-28,2024-08-28,36 29 23 39 16,16 23 29 36 39,,16,23,29,36,39,,32540800,8223100,0,0
113000129,2024-05-29,2024-08-29,09 32 01 07 20,01 07 09 20 32,,1,7,9,20,32,,37321450,10002450,0,0
113000130,2024-05-30,2024-08-30,37 32 02 36 09,02 09 32 36 37,,2,9,32,36,37,,34151300,6818450,0,0
113000131,2024-05-31,2024-09-02,12 08 36 23 13,08 12 13 23 36,,8,12,13,23,36,,35071800,19192750,0,0
113000132,2024-06-01,2024-09-02,20 24 04 28 38,04 20 24 28 38,,4,20,24,28,38,,35964000,9673050,0,0
113000133,2024-06-03,2024-09-03,10 21 31 06 24,06 10 21 24 31,,6,10,21,24,31,,37406800,35551050,0,0
113000134,2024-06-04,2024-09-04,17 25 23 11 07,07 11 17 23 25,,7,11,17,23,25,,33750200,20554900,0,0
113000135,2024-06-05,2024-09-05,04 06 20 03 14,03 04 06 14 20,,3,4,6,14,20,,35907800,10481900,0,0
113000136,2024-06-06,2024-09-06,03 21 11 36 20,03 11 20 21 36,,3,11,20,21,36,,33997350,15695800,0,0
113000137,2024-06-07,2024-09-10,35 27 34 01 04,01 04 27 34 35,,1,4,27,34,35,,36707500,26540250,0,0
113000138,2024-06-08,2024-09-10,11 24 19 31 32,11 19 24 31 32,,11,19,24,31,32,,38640250,16955950,0,0
113000139,2024-06-10,2024-09-10,38 33 19 18 30,18 19 30 33 38,,18,19,30,33,38,,39412050,37436500,0,0
113000140,2024-06-11,2024-09-11,13 26 34 03 32,03 13 26 32 34,,3,13,26,32,34,,34209700,8431800,0,0
113000141,2024-06-12,2024-09-12,14 32 29 19 20,14 19 20 29 32,,14,19,20,29,32,,37425000,15862650,0,0
113000142,2024-06-13,2024-09-13,17 38 03 12 30,03 12 17 30 38,,3,12,17,30,38,,34037650,17118550,0,0
113000143,2024-06-14,2024-09-16,20 01 17 02 37,01 02 17 20 37,,1,2,17,20,37,,34781350,16754350,0,0
113000144,2024-06-15,2024-09-16,05 35 37 08 36,05 08 35 36 37,,5,8,35,36,37,,37576800,29228450,0,0
113000145,2024-06-17,2024-09-18,08 32 34 26 02,02 08 26 32 34,,2,8,26,32,34,,38569900,8665600,0,0
113000146,2024-06-18,2024-09-18,02 38 15 29 09,02 09 15 29 38,,2,9,15,29,38,,33332550,8314200,0,0
113000147,2024-06-19,2024-09-19,11 10 14 22 02,02 10 11 14 22,,2,10,11,14,22,,36352550,27096700,0,0
113000148,2024-06-20,2024-09-20,20 13 16 12 32,12 13 16 20 32,,12,13,16,20,32,,33564700,21385600,0,0
113000149,2024-06-21,2024-09-23,15 16 12 10 23,10 12 15 16 23,,10,12,15,16,23,,34979500,25325150,0,0
113000150,2024-06-22,2024-09-23,22 01 25 27 21,01 21 22 25 27,,1,21,22,25,27,,36126100,11809750,0,0
113000151,2024-06-24,2024-09-24,32 39 13 17 03,03 13 17 32 39,,3,13,17,32,39,,36398250,18076700,0,0
113000152,2024-06-25,2024-09-25,37 26 36 32 25,25 26 32 36 37,,25,26,32,36,37,,32378400,23719850,0,0
113000153,2024-06-26,2024-09-26,38 21 02 39 37,02 21 37 38 39,,2,21,37,38,39,,36289300,17124600,0,0
113000154,2024-06-27,2024-09-27,18 31 27 15 28,15 18 27 28 31,,15,18,27,28,31,,33293200,9345750,0,0
113000155,2024-06-28,2024-09-30,25 39 27 16 12,12 16 25 27 39,,12,16,25,27,39,,34336450,16163850,0,0
113000156,2024-06-29,2024-09-30,35 17 33 02 26,02 17 26 33 35,,2,17,26,33,35,,35737850,11083450,0,0
113000157,2024-07-01,2024-10-01,11 19 17 08 23,08 11 17 19 23,,8,11,17,19,23,,37384150,12179300,0,0
113000158,2024-07-02,2024-10-02,16 22 03 20 15,03 15 16 20 22,,3,15,16,20,22,,33458750,9083450,0,0
113000159,2024-07-03,2024-10-03,04 25 33 34 20,04 20 25 33 34,,4,20,25,33,34,,36580300,8690350,0,0
113000160,2024-07-04,2024-10-04,12 09 33 26 15,09 12 15 26 33,,9,12,15,26,33,,33182300,15826500,0,0
113000161,2024-07-05,2024-10-07,24 23 17 18 28,17 18 23 24 28,,17,18,23,24,28,,34715300,9836200,0,0
113000162,2024-07-06,2024-10-07,04 21 24 33 35,04 21 24 33 35,,4,21,24,33,35,,36466750,16006050,0,0
113000163,2024-07-08,2024-10-08,17 29 22 11 20,11 17 20 22 29,,11,17,20,22,29,,36899400,11427750,0,0
113000164,2024-07-09,2024-10-09,13 02 33 36 31,02 13 31 33 36,,2,13,31,33,36,,33265550,8582650,0,0
113000165,2024-07-10,2024-10-11,09 33 14 31 01,01 09 14 31 33,,1,9,14,31,33,,36920650,7828450,0,0
113000166,2024-07-11,2024-10-11,02 37 23 13 01,01 02 13 23 37,,1,2,13,23,37,,35245250,16945550,0,0
113000167,2024-07-12,2024-10-14,18 08 17 36 19,08 17 18 19 36,,8,17,18,19,36,,34947450,25676200,0,0
113000168,2024-07-13,2024-10-14,21 16 29 23 30,16 21 23 29 30,,16,21,23,29,30,,36617800,32909700,0,0
113000169,2024-07-15,2024-10-15,37 25 19 01 22,01 19 22 25 37,,1,19,22,25,37,,37425950,32520700,0,0
113000170,2024-07-16,2024-10-16,07 26 34 36 24,07 24 26 34 36,,7,24,26,34,36,,33173100,9595150,0,0
113000171,2024-07-17,2024-10-17,37 28 10 08 26,08 10 26 28 37,,8,10,26,28,37,,35885300,17264250,0,0
113000172,2024-07-18,2024-10-18,05 17 24 33 34,05 17 24 33 34,,5,17,24,33,34,,32748500,32297300,0,0
113000173,2024-07-19,2024-10-21,24 14 30 36 19,14 19 24 30 36,,14,19,24,30,36,,34271650,16053450,0,0
113000174,2024-07-20,2024-10-21,11 01 29 27 31,01 11 27 29 31,,1,11,27,29,31,,35867800,11962700,0,0
113000175,2024-07-22,2024-10-22,26 34 20 06 30,06 20 26 30 34,,6,20,26,30,34,,37539150,25062900,0,0
113000176,2024-07-23,2024-10-23,12 37 38 07 11,07 11 12 37 38,,7,11,12,37,38,,32084550,25856200,0,0
113000177,2024-07-24,2024-10-24,02 34 23 21 03,02 03 21 23 34,,2,3,21,23,34,,23770050,23439100,0,0
113000178,2024-07-25,2024-10-25,01 18 39 09 17,01 09 17 18 39,,1,9,17,18,39,,21356650,7288500,0,0
113000179,2024-07-26,2024-10-28,36 12 18 20 11,11 12 18 20 36,,11,12,18,20,36,,29992900,15777950,0,0
113000180,2024-07-27,2024-10-28,15 18 11 01 37,01 11 15 18 37,,1,11,15,18,37,,36782950,24721450,0,0
113000181,2024-07-29,2024-10-29,30 12 14 01 24,01 12 14 24 30,,1,12,14,24,30,,37907150,10030050,0,0
113000182,2024-07-30,2024-10-30,29 16 38 04 02,02 04 16 29 38,,2,4,16,29,38,,32379500,25225150,0,0
113000183,2024-07-31,2024-10-31,36 12 18 37 38,12 18 36 37 38,,12,18,36,37,38,,35509450,17249550,0,0
113000184,2024-08-01,2024-11-01,24 30 27 35 12,12 24 27 30 35,,12,24,27,30,35,,34011850,8423300,0,0
113000185,2024-08-02,2024-11-04,24 22 38 01 19,01 19 22 24 38,,1,19,22,24,38,,34701950,7680650,0,0
113000186,2024-08-03,2024-11-04,27 26 11 12 32,11 12 26 27 32,,11,12,26,27,32,,36576800,9978600,0,0
113000187,2024-08-05,2024-11-05,36 06 17 11 07,06 07 11 17 36,,6,7,11,17,36,,38771200,11506500,0,0
113000188,2024-08-06,2024-11-06,29 37 06 01 12,01 06 12 29 37,,1,6,12,29,37,,33909550,19316250,0,0
113000189,2024-08-07,2024-11-07,16 19 04 30 05,04 05 16 19 30,,4,5,16,19,30,,38372550,9941200,0,0
113000190,2024-08-08,2024-11-08,09 13 28 19 02,02 09 13 19 28,,2,9,13,19,28,,35609400,26347450,0,0
113000191,2024-08-09,2024-11-11,07 10 02 12 08,02 07 08 10 12,,2,7,8,10,12,,34942300,38581550,0,0
113000192,2024-08-10,2024-11-11,38 39 21 01 28,01 21 28 38 39,,1,21,28,38,39,,37491250,35674050,0,0
113000193,2024-08-12,2024-11-12,34 24 12 28 08,08 12 24 28 34,,8,12,24,28,34,,39334450,11188600,0,0
113000194,2024-08-13,2024-11-13,20 28 32 15 09,09 15 20 28 32,,9,15,20,28,32,,34468100,16969850,0,0
113000195,2024-08-14,2024-11-14,24 30 34 06 09,06 09 24 30 34,,6,9,24,30,34,,36627400,16333800,0,0
113000196,2024-08-15,2024-11-15,07 27 20 14 39,07 14 20 27 39,,7,14,20,27,39,,33386450,8820150,0,0
113000197,2024-08-16,2024-11-18,32 09 18 17 35,09 17 18 32 35,,9,17,18,32,35,,34562550,8575450,0,0
113000198,2024-08-17,2024-11-18,32 14 33 36 06,06 14 32 33 36,,6,14,32,33,36,,36915950,24073900,0,0
113000199,2024-08-19,2024-11-19,36 12 02 09 16,02 09 12 16 36,,2,9,12,16,36,,36764350,17669050,0,0
113000200,2024-08-20,2024-11-20,34 07 28 39 30,07 28 30 34 39,,7,28,30,34,39,,32551500,8037650,0,0
113000201,2024-08-21,2024-11-21,02 01 12 13 22,01 02 12 13 22,,1,2,12,13,22,,37118100,20008250,0,0
113000202,2024-08-22,2024-11-22,16 37 34 08 02,02 08 16 34 37,,2,8,16,34,37,,34049950,16470850,0,0
113000203,2024-08-23,2024-11-25,30 11 34 09 39,09 11 30 34 39,,9,11,30,34,39,,34456850,33151400,0,0
113000204,2024-08-24,2024-11-25,25 26 37 29 28,25 26 28 29 37,,25,26,28,29,37,,36264650,26747400,0,0
113000205,2024-08-26,2024-11-26,23 33 09 05 11,05 09 11 23 33,,5,9,11,23,33,,38184050,11277000,0,0
113000206,2024-08-27,2024-11-27,34 35 05 13 21,05 13 21 34 35,,5,13,21,34,35,,33707200,7407850,0,0
113000207,2024-08-28,2024-11-28,36 34 06 35 16,06 16 34 35 36,,6,16,34,35,36,,36414850,24252100,0,0
113000208,2024-08-29,2024-11-29,36 04 26 29 21,04 21 26 29 36,,4,21,26,29,36,,32902750,7531300,0,0
113000209,2024-08-30,2024-12-02,22 03 36 14 05,03 05 14 22 36,,3,5,14,22,36,,34052950,7954600,0,0
113000210,2024-08-31,2024-12-02,36 21 15 37 09,09 15 21 36 37,,9,15,21,36,37,,35452400,17109200,0,0
113000211,2024-09-02,2024-12-02,20 16 37 31 24,16 20 24 31 37,,16,20,24,31,37,,36480150,17090700,0,0
113000212,2024-09-03,2024-12-03,23 19 11 24 14,11 14 19 23 24,,11,14,19,23,24,,33242000,8212600,0,0
113000213,2024-09-04,2024-12-04,35 27 31 26 09,09 26 27 31 35,,9,26,27,31,35,,35407550,24929650,0,0
113000214,2024-09-05,2024-12-05,10 37 27 13 32,10 13 27 32 37,,10,13,27,32,37,,32424500,8162600,0,0
113000215,2024-09-06,2024-12-09,14 39 31 27 36,14 27 31 36 39,,14,27,31,36,39,,33672050,16253400,0,0
113000216,2024-09-07,2024-12-09,05 09 36 28 38,05 09 28 36 38,,5,9,28,36,38,,35456350,21048050,0,0
113000217,2024-09-09,2024-12-09,36 37 05 16 17,05 16 17 36 37,,5,16,17,36,37,,37103700,35952750,0,0
113000218,2024-09-10,2024-12-10,06 36 35 39 34,06 34 35 36 39,,6,34,35,36,39,,34584300,41822050,0,0
113000219,2024-09-11,2024-12-11,20 14 08 26 05,05 08 14 20 26,,5,8,14,20,26,,38052850,26537400,0,0
113000220,2024-09-12,2024-12-12,27 13 03 33 08,03 08 13 27 33,,3,8,13,27,33,,34554250,9946050,0,0
113000221,2024-09-13,2024-12-16,08 39 25 06 37,06 08 25 37 39,,6,8,25,37,39,,35797150,32835950,0,0
113000222,2024-09-14,2024-12-16,37 29 34 35 03,03 29 34 35 37,,3,29,34,35,37,,35415050,8171550,0,0
113000223,2024-09-16,2024-12-17,26 19 18 12 15,12 15 18 19 26,,12,15,18,19,26,,40285650,30315100,0,0
113000224,2024-09-17,2024-12-17,09 31 39 38 07,07 09 31 38 39,,7,9,31,38,39,,35856450,18242300,0,0
113000225,2024-09-18,2024-12-18,18 02 23 09 16,02 09 16 18 23,,2,9,16,18,23,,35595350,11330050,0,0
113000226,2024-09-19,2024-12-19,22 37 26 19 16,16 19 22 26 37,,16,19,22,26,37,,33507200,8148000,0,0
113000227,2024-09-20,2024-12-23,04 38 32 07 30,04 07 30 32 38,,4,7,30,32,38,,35654850,8667400,0,0
113000228,2024-09-21,2024-12-23,09 35 39 25 22,09 22 25 35 39,,9,22,25,35,39,,33005650,7843350,0,0
113000229,2024-09-23,2024-12-23,35 12 17 14 04,04 12 14 17 35,,4,12,14,17,35,,35750750,16782250,0,0
113000230,2024-09-24,2024-12-24,19 04 10 31 30,04 10 19 30 31,,4,10,19,30,31,,34244950,15723850,0,0
113000231,2024-09-25,2024-12-25,05 37 02 10 12,02 05 10 12 37,,2,5,10,12,37,,36456400,26917550,0,0
113000232,2024-09-26,2024-12-26,04 06 20 16 14,04 06 14 16 20,,4,6,14,16,20,,33548100,34506100,0,0
113000233,2024-09-27,2024-12-30,39 03 27 37 34,03 27 34 37 39,,3,27,34,37,39,,34771800,25809600,0,0
113000234,2024-09-28,2024-12-30,20 39 24 10 35,10 20 24 35 39,,10,20,24,35,39,,36474100,8402550,0,0
113000235,2024-09-30,2024-12-31,10 24 07 31 27,07 10 24 27 31,,7,10,24,27,31,,37764500,26117850,0,0
113000236,2024-10-01,2025-01-01,23 30 20 35 31,20 23 30 31 35,,20,23,30,31,35,,33343000,6942250,0,0
113000237,2024-10-02,2025-01-02,08 07 22 13 34,07 08 13 22 34,,7,8,13,22,34,,29771850,7640450,0,0
113000238,2024-10-03,2025-01-03,06 15 01 39 19,01 06 15 19 39,,1,6,15,19,39,,25210200,6463500,0,0
113000239,2024-10-04,2025-01-06,11 05 38 27 39,05 11 27 38 39,,5,11,27,38,39,,33696800,27563400,0,0
113000240,2024-10-05,2025-01-06,05 02 08 32 14,02 05 08 14 32,,2,5,8,14,32,,37400300,17824750,0,0
113000241,2024-10-07,2025-01-07,17 39 02 10 21,02 10 17 21 39,,2,10,17,21,39,,38339100,9621850,0,0
113000242,2024-10-08,2025-01-08,13 37 25 11 01,01 11 13 25 37,,1,11,13,25,37,,33052750,26741950,0,0
113000243,2024-10-09,2025-01-10,31 34 12 25 17,12 17 25 31 34,,12,17,25,31,34,,38506200,9530050,0,0
113000244,2024-10-10,2025-01-10,29 38 35 03 25,03 25 29 35 38,,3,25,29,35,38,,34600350,24466200,0,0
113000245,2024-10-11,2025-01-13,14 16 15 29 24,14 15 16 24 29,,14,15,16,24,29,,36640050,15987000,0,0
113000246,2024-10-12,2025-01-13,23 22 14 35 21,14 21 22 23 35,,14,21,22,23,35,,37339850,16600900,0,0
113000247,2024-10-14,2025-01-14,19 14 32 04 25,04 14 19 25 32,,4,14,19,25,32,,38290750,17914500,0,0
113000248,2024-10-15,2025-01-15,33 02 27 19 35,02 19 27 33 35,,2,19,27,33,35,,33553050,16090300,0,0
113000249,2024-10-16,2025-01-16,15 20 31 27 30,15 20 27 30 31,,15,20,27,30,31,,36024250,8329250,0,0
113000250,2024-10-17,2025-01-17,01 21 18 37 36,01 18 21 36 37,,1,18,21,36,37,,34410050,19699200,0,0
113000251,2024-10-18,2025-01-20,34 11 04 26 38,04 11 26 34 38,,4,11,26,34,38,,34874000,11861350,0,0
113000252,2024-10-19,2025-01-20,11 36 15 37 24,11 15 24 36 37,,11,15,24,36,37,,36350800,8667600,0,0
113000253,2024-10-21,2025-01-21,35 17 09 31 01,01 09 17 31 35,,1,9,17,31,35,,38925300,11879850,0,0
113000254,2024-10-22,2025-01-22,34 32 16 25 07,07 16 25 32 34,,7,16,25,32,34,,33519950,35560500,0,0
113000255,2024-10-23,2025-01-23,19 10 26 18 37,10 18 19 26 37,,10,18,19,26,37,,35901600,26529100,0,0
113000256,2024-10-24,2025-01-24,22 01 08 04 20,01 04 08 20 22,,1,4,8,20,22,,32509650,18149500,0,0
113000257,2024-10-25,2025-02-03,39 15 06 28 08,06 08 15 28 39,,6,8,15,28,39,,34491250,12557500,0,0
113000258,2024-10-26,2025-02-03,15 18 28 26 13,13 15 18 26 28,,13,15,18,26,28,,36271550,8896750,0,0
113000259,2024-10-28,2025-02-03,39 22 06 01 13,01 06 13 22 39,,1,6,13,22,39,,37774200,24726250,0,0
113000260,2024-10-29,2025-02-03,25 29 12 09 35,09 12 25 29 35,,9,12,25,29,35,,32808500,26969200,0,0
113000261,2024-10-30,2025-02-03,10 11 24 17 33,10 11 17 24 33,,10,11,17,24,33,,35746300,20990450,0,0
113000262,2024-10-31,2025-02-03,38 08 36 13 25,08 13 25 36 38,,8,13,25,36,38,,20776100,6564500,0,0
113000263,2024-11-01,2025-02-03,11 19 31 04 08,04 08 11 19 31,,4,8,11,19,31,,34479800,17795900,0,0
113000264,2024-11-02,2025-02-03,16 07 38 06 37,06 07 16 37 38,,6,7,16,37,38,,38087800,11970700,0,0
113000265,2024-11-04,2025-02-04,10 26 07 35 03,03 07 10 26 35,,3,7,10,26,35,,39157000,10219800,0,0
113000266,2024-11-05,2025-02-05,30 08 27 01 18,01 08 18 27 30,,1,8,18,27,30,,34257450,18924350,0,0
113000267,2024-11-06,2025-02-06,22 06 18 14 11,06 11 14 18 22,,6,11,14,18,22,,37537300,19166350,0,0
113000268,2024-11-07,2025-02-07,32 06 10 20 25,06 10 20 25 32,,6,10,20,25,32,,34231000,24375350,0,0
113000269,2024-11-08,2025-02-10,01 09 32 31 13,01 09 13 31 32,,1,9,13,31,32,,35430100,17234450,0,0
113000270,2024-11-09,2025-02-10,02 10 21 36 03,02 03 10 21 36,,2,3,10,21,36,,37249550,10446600,0,0
113000271,2024-11-11,2025-02-11,07 20 26 14 24,07 14 20 24 26,,7,14,20,24,26,,38965050,26041300,0,0
113000272,2024-11-12,2025-02-12,17 24 08 28 05,05 08 17 24 28,,5,8,17,24,28,,33210000,21050600,0,0
113000273,2024-11-13,2025-02-13,21 35 18 11 03,03 11 18 21 35,,3,11,18,21,35,,38064050,18877050,0,0
113000274,2024-11-14,2025-02-14,17 05 30 11 25,05 11 17 25 30,,5,11,17,25,30,,34808200,26138750,0,0
113000275,2024-11-15,2025-02-17,02 27 29 39 18,02 18 27 29 39,,2,18,27,29,39,,35763400,9058050,0,0
113000276,2024-11-16,2025-02-17,24 04 29 37 33,04 24 29 33 37,,4,24,29,33,37,,36493650,17273800,0,0
113000277,2024-11-18,2025-02-18,03 05 27 26 23,03 05 23 26 27,,3,5,23,26,27,,36765650,10959450,0,0
113000278,2024-11-19,2025-02-19,33 10 32 14 21,10 14 21 32 33,,10,14,21,32,33,,33062050,15644150,0,0
113000279,2024-11-20,2025-02-20,30 13 31 20 33,13 20 30 31 33,,13,20,30,31,33,,36565200,20258000,0,0
113000280,2024-11-21,2025-02-21,25 12 23 04 13,04 12 13 23 25,,4,12,13,23,25,,32646050,9183450,0,0
113000281,2024-11-22,2025-02-24,08 07 17 30 03,03 07 08 17 30,,3,7,8,17,30,,35159050,34188050,0,0
113000282,2024-11-23,2025-02-24,38 28 03 13 29,03 13 28 29 38,,3,13,28,29,38,,36670200,8978750,0,0
113000283,2024-11-25,2025-02-25,38 03 20 06 19,03 06 19 20 38,,3,6,19,20,38,,39709750,8583600,0,0
113000284,2024-11-26,2025-02-26,11 01 29 27 05,01 05 11 27 29,,1,5,11,27,29,,32821000,27777150,0,0
113000285,2024-11-27,2025-02-27,21 13 07 35 14,07 13 14 21 35,,7,13,14,21,35,,36566050,20444900,0,0
113000286,2024-11-28,2025-03-03,20 29 09 05 34,05 09 20 29 34,,5,9,20,29,34,,33767700,25609400,0,0
113000287,2024-11-29,2025-03-03,25 03 35 11 18,03 11 18 25 35,,3,11,18,25,35,,35023250,18362950,0,0
113000288,2024-11-30,2025-03-03,16 04 17 11 24,04 11 16 17 24,,4,11,16,17,24,,37503500,20003550,0,0
113000289,2024-12-02,2025-03-03,29 13 23 05 38,05 13 23 29 38,,5,13,23,29,38,,39800500,38091850,0,0
113000290,2024-12-03,2025-03-03,12 18 16 07 15,07 12 15 16 18,,7,12,15,16,18,,34962500,18069850,0,0
113000291,2024-12-04,2025-03-04,35 33 38 12 27,12 27 33 35 38,,12,27,33,35,38,,38207450,10304350,0,0
113000292,2024-12-05,2025-03-05,39 19 28 23 05,05 19 23 28 39,,5,19,23,28,39,,35954200,34594100,0,0
113000293,2024-12-06,2025-03-10,20 38 15 02 33,02 15 20 33 38,,2,15,20,33,38,,37098500,8992350,0,0
113000294,2024-12-07,2025-03-10,06 33 32 24 31,06 24 31 32 33,,6,24,31,32,33,,37950100,24580600,0,0
113000295,2024-12-09,2025-03-10,09 08 28 32 20,08 09 20 28 32,,8,9,20,28,32,,39717450,10865550,0,0
113000296,2024-12-10,2025-03-10,24 07 12 13 21,07 12 13 21 24,,7,12,13,21,24,,35645400,19089350,0,0
113000297,2024-12-11,2025-03-11,04 22 37 32 34,04 22 32 34 37,,4,22,32,34,37,,38974350,28848100,0,0
113000298,2024-12-12,2025-03-12,29 11 02 23 16,02 11 16 23 29,,2,11,16,23,29,,35459300,35988900,0,0
113000299,2024-12-13,2025-03-17,09 02 20 34 38,02 09 20 34 38,,2,9,20,34,38,,35720300,8334450,0,0
113000300,2024-12-14,2025-03-17,35 07 12 08 03,03 07 08 12 35,,3,7,8,12,35,,37371350,20580650,0,0
113000301,2024-12-16,2025-03-17,23 21 26 11 05,05 11 21 23 26,,5,11,21,23,26,,39325550,20001900,0,0
113000302,2024-12-17,2025-03-17,16 03 05 31 07,03 05 07 16 31,,3,5,7,16,31,,35109650,9248050,0,0
113000303,2024-12-18,2025-03-18,24 03 37 27 33,03 24 27 33 37,,3,24,27,33,37,,37493250,17429800,0,0
113000304,2024-12-19,2025-03-19,07 08 33 11 27,07 08 11 27 33,,7,8,11,27,33,,32966500,9150800,0,0
113000305,2024-12-20,2025-03-24,16 03 26 09 19,03 09 16 19 26,,3,9,16,19,26,,35743050,9808250,0,0
113000306,2024-12-21,2025-03-24,18 32 14 12 13,12 13 14 18 32,,12,13,14,18,32,,38077900,18408350,0,0
113000307,2024-12-23,2025-03-24,02 13 06 18 22,02 06 13 18 22,,2,6,13,18,22,,35229250,8714400,0,0
113000308,2024-12-24,2025-03-24,28 14 39 01 15,01 14 15 28 39,,1,14,15,28,39,,33845550,12827700,0,0
113000309,2024-12-25,2025-03-25,21 18 06 29 38,06 18 21 29 38,,6,18,21,29,38,,39658750,17665250,0,0
113000310,2024-12-26,2025-03-26,05 07 12 20 38,05 07 12 20 38,,5,7,12,20,38,,36477300,21809650,0,0
113000311,2024-12-27,2025-03-31,38 07 19 20 15,07 15 19 20 38,,7,15,19,20,38,,36350900,15910400,0,0
113000312,2024-12-28,2025-03-31,30 26 18 24 17,17 18 24 26 30,,17,18,24,26,30,,37424650,18417450,0,0
113000313,2024-12-30,2025-03-31,27 23 31 20 03,03 20 23 27 31,,3,20,23,27,31,,40554050,29335050,0,0
113000314,2024-12-31,2025-04-01,34 11 32 15 33,11 15 32 33 34,,11,15,32,33,34,,39576800,10294150,0,0
114000117,2025-05-13,2025-08-13,04 29 23 10 20,04 10 20 23 29,,4,10,20,23,29,,35387450,17064350,0,0
114000118,2025-05-14,2025-08-14,24 18 38 01 14,01 14 18 24 38,,1,14,18,24,38,,37811300,33514150,0,0
114000119,2025-05-15,2025-08-15,15 25 36 02 04,02 04 15 25 36,,2,4,15,25,36,,35213650,18818650,0,0
114000120,2025-05-16,2025-08-18,39 24 13 27 02,02 13 24 27 39,,2,13,24,27,39,,35444250,33055000,0,0
114000121,2025-05-17,2025-08-18,09 30 24 03 39,03 09 24 30 39,,3,9,24,30,39,,35626050,17828100,0,0
114000122,2025-05-19,2025-08-19,07 25 35 14 04,04 07 14 25 35,,4,7,14,25,35,,38518700,28300100,0,0
114000123,2025-05-20,2025-08-20,26 10 23 38 22,10 22 23 26 38,,10,22,23,26,38,,33520850,9616750,0,0
114000124,2025-05-21,2025-08-21,16 31 10 34 38,10 16 31 34 38,,10,16,31,34,38,,36283200,23891850,0,0
114000125,2025-05-22,2025-08-22,17 21 01 35 08,01 08 17 21 35,,1,8,17,21,35,,33482200,27398650,0,0
114000126,2025-05-23,2025-08-25,13 32 16 27 24,13 16 24 27 32,,13,16,24,27,32,,33708200,8553350,0,0
114000127,2025-05-24,2025-08-25,29 36 35 14 18,14 18 29 35 36,,14,18,29,35,36,,33689800,9341350,0,0
114000128,2025-05-26,2025-08-26,15 34 21 08 24,08 15 21 24 34,,8,15,21,24,34,,37097250,17502850,0,0
114000129,2025-05-27,2025-08-27,33 04 23 38 08,04 08 23 33 38,,4,8,23,33,38,,33212750,17297350,0,0
114000130,2025-05-28,2025-08-28,15 33 09 24 13,09 13 15 24 33,,9,13,15,24,33,,35714150,16245600,0,0
114000131,2025-05-29,2025-09-01,31 30 04 28 18,04 18 28 30 31,,4,18,28,30,31,,31843200,7653000,0,0
114000132,2025-05-30,2025-09-01,20 34 14 21 35,14 20 21 34 35,,14,20,21,34,35,,34154900,8713100,0,0
114000133,2025-05-31,2025-09-01,35 18 20 14 29,14 18 20 29 35,,14,18,20,29,35,,37609700,7885900,0,0
114000134,2025-06-02,2025-09-02,02 16 11 21 07,02 07 11 16 21,,2,7,11,16,21,,37903300,20118850,0,0
114000135,2025-06-03,2025-09-03,21 25 07 34 20,07 20 21 25 34,,7,20,21,25,34,,30527050,6582550,0,0
114000136,2025-06-04,2025-09-04,33 38 30 36 20,20 30 33 36 38,,20,30,33,36,38,,34550150,6919550,0,0
114000137,2025-06-05,2025-09-05,19 35 07 39 14,07 14 19 35 39,,7,14,19,35,39,,34741400,25920050,0,0
114000138,2025-06-06,2025-09-08,02 14 25 12 30,02 12 14 25 30,,2,12,14,25,30,,34636300,8044800,0,0
114000139,2025-06-07,2025-09-08,22 04 32 23 16,04 16 22 23 32,,4,16,22,23,32,,35599450,18509100,0,0
114000140,2025-06-09,2025-09-09,30 08 20 29 27,08 20 27 29 30,,8,20,27,29,30,,39986800,11152250,0,0
114000141,2025-06-10,2025-09-10,12 16 29 38 07,07 12 16 29 38,,7,12,16,29,38,,33775000,17090850,0,0
114000142,2025-06-11,2025-09-11,31 19 04 17 21,04 17 19 21 31,,4,17,19,21,31,,36893550,18127950,0,0
114000143,2025-06-12,2025-09-12,14 15 11 32 19,11 14 15 19 32,,11,14,15,19,32,,35281300,7963150,0,0
114000144,2025-06-13,2025-09-15,04 12 05 10 38,04 05 10 12 38,,4,5,10,12,38,,31349700,33887000,0,0
114000145,2025-06-14,2025-09-15,37 15 17 02 23,02 15 17 23 37,,2,15,17,23,37,,36765850,26181350,0,0
114000146,2025-06-16,2025-09-16,36 33 09 06 08,06 08 09 33 36,,6,8,9,33,36,,40179500,30563250,0,0
114000147,2025-06-17,2025-09-17,37 14 02 12 26,02 12 14 26 37,,2,12,14,26,37,,33159950,16211800,0,0
114000148,2025-06-18,2025-09-18,36 26 12 07 23,07 12 23 26 36,,7,12,23,26,36,,36122050,9390550,0,0
114000149,2025-06-19,2025-09-19,15 17 14 12 24,12 14 15 17 24,,12,14,15,17,24,,36486750,17632600,0,0
114000150,2025-06-20,2025-09-22,02 24 05 17 08,02 05 08 17 24,,2,5,8,17,24,,33571050,10587750,0,0
114000151,2025-06-21,2025-09-22,39 03 24 08 15,03 08 15 24 39,,3,8,15,24,39,,35585750,17369300,0,0
114000152,2025-06-23,2025-09-23,03 14 22 31 38,03 14 22 31 38,,3,14,22,31,38,,40696100,9923400,0,0
114000153,2025-06-24,2025-09-24,20 31 10 01 12,01 10 12 20 31,,1,10,12,20,31,,32390450,26214100,0,0
114000154,2025-06-25,2025-09-25,11 28 02 30 37,02 11 28 30 37,,2,11,28,30,37,,35657500,11259250,0,0
114000155,2025-06-26,2025-09-26,01 29 24 13 06,01 06 13 24 29,,1,6,13,24,29,,37249550,27386900,0,0
114000156,2025-06-27,2025-09-30,10 04 37 03 19,03 04 10 19 37,,3,4,10,19,37,,33146900,8201550,0,0
114000157,2025-06-28,2025-09-30,12 34 29 33 22,12 22 29 33 34,,12,22,29,33,34,,36430700,17311550,0,0
114000158,2025-06-30,2025-09-30,07 11 31 23 08,07 08 11 23 31,,7,8,11,23,31,,37859350,22736650,0,0
114000159,2025-07-01,2025-10-01,08 11 06 19 38,06 08 11 19 38,,6,8,11,19,38,,33561250,17930400,0,0
114000160,2025-07-02,2025-10-02,21 24 13 38 06,06 13 21 24 38,,6,13,21,24,38,,36159300,9169500,0,0
114000161,2025-07-03,2025-10-03,21 26 22 27 10,10 21 22 26 27,,10,21,22,26,27,,33214800,8117400,0,0
114000162,2025-07-04,2025-10-07,24 36 05 31 39,05 24 31 36 39,,5,24,31,36,39,,33718950,7962300,0,0
114000163,2025-07-05,2025-10-07,22 14 35 08 24,08 14 22 24 35,,8,14,22,24,35,,35660150,18942700,0,0
114000164,2025-07-07,2025-10-07,27 14 25 38 35,14 25 27 35 38,,14,25,27,35,38,,34115350,9788400,0,0
114000165,2025-07-08,2025-10-08,03 24 04 33 27,03 04 24 27 33,,3,4,24,27,33,,33058950,8469100,0,0
114000166,2025-07-09,2025-10-09,28 18 37 27 13,13 18 27 28 37,,13,18,27,28,37,,32554450,9082300,0,0
114000167,2025-07-10,2025-10-13,03 34 04 36 02,02 03 04 34 36,,2,3,4,34,36,,31987700,7106100,0,0
114000168,2025-07-11,2025-10-13,37 09 39 38 26,09 26 37 38 39,,9,26,37,38,39,,34676250,10758600,0,0
114000169,2025-07-12,2025-10-13,26 19 21 20 03,03 19 20 21 26,,3,19,20,21,26,,35829100,7938150,0,0
114000170,2025-07-14,2025-10-14,29 11 08 12 36,08 11 12 29 36,,8,11,12,29,36,,37409800,21536050,0,0
114000171,2025-07-15,2025-10-15,21 22 09 38 16,09 16 21 22 38,,9,16,21,22,38,,33342400,25618250,0,0
114000172,2025-07-16,2025-10-16,24 32 18 31 15,15 18 24 31 32,,15,18,24,31,32,,35631900,36470250,0,0
114000173,2025-07-17,2025-10-17,06 04 11 29 37,04 06 11 29 37,,4,6,11,29,37,,33612950,25718200,0,0
114000174,2025-07-18,2025-10-20,21 12 39 22 38,12 21 22 38 39,,12,21,22,38,39,,34525600,18883100,0,0
114000175,2025-07-19,2025-10-20,14 26 11 27 07,07 11 14 26 27,,7,11,14,26,27,,34465400,21235450,0,0
114000176,2025-07-21,2025-10-21,01 34 11 06 22,01 06 11 22 34,,1,6,11,22,34,,35721150,9130100,0,0
114000177,2025-07-22,2025-10-22,19 27 39 21 32,19 21 27 32 39,,19,21,27,32,39,,34840450,23489400,0,0
114000178,2025-07-23,2025-10-23,16 39 36 18 23,16 18 23 36 39,,16,18,23,36,39,,36124100,25182500,0,0
114000179,2025-07-24,2025-10-27,02 06 09 32 29,02 06 09 29 32,,2,6,9,29,32,,32585850,32377400,0,0
114000180,2025-07-25,2025-10-27,26 30 10 07 05,05 07 10 26 30,,5,7,10,26,30,,32997550,40039600,0,0
114000181,2025-07-26,2025-10-27,29 14 23 15 18,14 15 18 23 29,,14,15,18,23,29,,35285900,8064550,0,0
114000182,2025-07-28,2025-10-28,22 04 23 30 16,04 16 22 23 30,,4,16,22,23,30,,34758150,24567450,0,0
114000183,2025-07-29,2025-10-29,06 10 01 13 27,01 06 10 13 27,,1,6,10,13,27,,32478500,9557800,0,0
114000184,2025-07-30,2025-10-30,30 22 24 32 17,17 22 24 30 32,,17,22,24,30,32,,35263150,23905250,0,0
114000185,2025-07-31,2025-10-31,12 11 17 34 36,11 12 17 34 36,,11,12,17,34,36,,32895550,9132300,0,0
114000186,2025-08-01,2025-11-03,34 33 18 02 13,02 13 18 33 34,,2,13,18,33,34,,33866600,15307700,0,0
114000187,2025-08-02,2025-11-03,31 25 14 03 22,03 14 22 25 31,,3,14,22,25,31,,34071000,20348800,0,0
114000188,2025-08-04,2025-11-04,23 03 25 21 26,03 21 23 25 26,,3,21,23,25,26,,36167600,7974000,0,0
114000189,2025-08-05,2025-11-05,21 32 20 37 13,13 20 21 32 37,,13,20,21,32,37,,34366500,15596700,0,0
114000190,2025-08-06,2025-11-06,06 10 38 24 28,06 10 24 28 38,,6,10,24,28,38,,37647400,13479300,0,0
114000191,2025-08-07,2025-11-07,30 37 10 28 20,10 20 28 30 37,,10,20,28,30,37,,36067850,33634450,0,0
114000192,2025-08-08,2025-11-10,11 30 27 25 34,11 25 27 30 34,,11,25,27,30,34,,36911750,17213150,0,0
114000193,2025-08-09,2025-11-10,01 09 27 30 29,01 09 27 29 30,,1,9,27,29,30,,38021100,9819550,0,0
114000194,2025-08-11,2025-11-11,22 28 14 26 01,01 14 22 26 28,,1,14,22,26,28,,39099100,33873650,0,0
114000195,2025-08-12,2025-11-12,09 30 17 01 25,01 09 17 25 30,,1,9,17,25,30,,34891000,16716150,0,0
114000196,2025-08-13,2025-11-13,34 23 11 32 26,11 23 26 32 34,,11,23,26,32,34,,32764350,17829150,0,0
114000197,2025-08-14,2025-11-14,14 12 10 31 35,10 12 14 31 35,,10,12,14,31,35,,34447350,18769400,0,0
114000198,2025-08-15,2025-11-17,16 18 05 01 26,01 05 16 18 26,,1,5,16,18,26,,35988900,25397300,0,0
114000199,2025-08-16,2025-11-17,15 22 24 18 31,15 18 22 24 31,,15,18,22,24,31,,37156600,9317500,0,0
114000200,2025-08-18,2025-11-18,12 09 29 18 27,09 12 18 27 29,,9,12,18,27,29,,37888300,28158650,0,0
114000201,2025-08-19,2025-11-19,07 18 35 31 06,06 07 18 31 35,,6,7,18,31,35,,33898950,7769900,0,0
114000202,2025-08-20,2025-11-20,18 15 39 31 29,15 18 29 31 39,,15,18,29,31,39,,35920950,7647600,0,0
114000203,2025-08-21,2025-11-21,16 27 33 29 28,16 27 28 29 33,,16,27,28,29,33,,33988100,15845100,0,0
114000204,2025-08-22,2025-11-24,06 21 37 07 38,06 07 21 37 38,,6,7,21,37,38,,34551150,10717650,0,0
114000205,2025-08-23,2025-11-24,04 39 05 27 08,04 05 08 27 39,,4,5,8,27,39,,36506200,12308000,0,0
114000206,2025-08-25,2025-11-25,26 06 23 15 12,06 12 15 23 26,,6,12,15,23,26,,37913100,11777750,0,0
114000207,2025-08-26,2025-11-26,39 02 24 05 38,02 05 24 38 39,,2,5,24,38,39,,32700800,8237300,0,0
114000208,2025-08-27,2025-11-27,32 05 28 03 30,03 05 28 30 32,,3,5,28,30,32,,36564000,33422650,0,0
114000209,2025-08-28,2025-11-28,05 29 21 23 07,05 07 21 23 29,,5,7,21,23,29,,33703600,33360450,0,0
114000210,2025-08-29,2025-12-01,21 20 30 38 07,07 20 21 30 38,,7,20,21,30,38,,35186750,8450350,0,0
114000211,2025-08-30,2025-12-01,14 07 13 04 05,04 05 07 13 14,,4,5,7,13,14,,36467450,26296850,0,0
114000212,2025-09-01,2025-12-01,28 35 29 24 21,21 24 28 29 35,,21,24,28,29,35,,37801050,7827150,0,0
114000213,2025-09-02,2025-12-02,25 05 08 10 23,05 08 10 23 25,,5,8,10,23,25,,33237650,36472650,0,0
114000214,2025-09-03,2025-12-03,23 14 20 15 21,14 15 20 21 23,,14,15,20,21,23,,36813900,8810350,0,0
114000215,2025-09-04,2025-12-04,06 27 34 07 24,06 07 24 27 34,,6,7,24,27,34,,33678400,35044000,0,0
114000216,2025-09-05,2025-12-08,29 32 09 38 07,07 09 29 32 38,,7,9,29,32,38,,35836600,9642850,0,0
114000217,2025-09-06,2025-12-08,08 31 28 14 25,08 14 25 28 31,,8,14,25,28,31,,37519400,35793850,0,0
114000218,2025-09-08,2025-12-08,07 11 28 20 38,07 11 20 28 38,,7,11,20,28,38,,38497500,27877500,0,0
114000219,2025-09-09,2025-12-09,23 26 20 08 25,08 20 23 25 26,,8,20,23,25,26,,34997800,17534700,0,0
114000220,2025-09-10,2025-12-10,16 14 12 39 28,12 14 16 28 39,,12,14,16,28,39,,37870150,17102850,0,0
114000221,2025-09-11,2025-12-11,18 28 36 06 26,06 18 26 28 36,,6,18,26,28,36,,34796950,25480050,0,0
114000222,2025-09-12,2025-12-15,09 34 26 16 12,09 12 16 26 34,,9,12,16,26,34,,35751700,26117650,0,0
114000223,2025-09-13,2025-12-15,25 36 32 35 02,02 25 32 35 36,,2,25,32,35,36,,37735750,16333900,0,0
114000224,2025-09-15,2025-12-15,10 07 12 09 28,07 09 10 12 28,,7,9,10,12,28,,38222550,38363300,0,0
114000225,2025-09-16,2025-12-16,02 19 09 21 33,02 09 19 21 33,,2,9,19,21,33,,34695950,25524300,0,0
114000226,2025-09-17,2025-12-17,07 04 38 06 12,04 06 07 12 38,,4,6,7,12,38,,36882250,28563450,0,0
114000227,2025-09-18,2025-12-18,12 14 33 23 05,05 12 14 23 33,,5,12,14,23,33,,33720100,25063250,0,0
114000228,2025-09-19,2025-12-22,02 31 11 24 22,02 11 22 24 31,,2,11,22,24,31,,34183000,10885550,0,0
114000229,2025-09-20,2025-12-22,11 08 13 22 05,05 08 11 13 22,,5,8,11,13,22,,37132750,28373550,0,0
114000230,2025-09-22,2025-12-22,09 12 14 33 07,07 09 12 14 33,,7,9,12,14,33,,37600400,44695097,0,0
114000231,2025-09-23,2025-12-23,06 20 37 33 19,06 19 20 33 37,,6,19,20,33,37,,31723350,7185750,0,0
114000232,2025-09-24,2025-12-24,39 22 35 04 23,04 22 23 35 39,,4,22,23,35,39,,36702850,25054800,0,0
114000233,2025-09-25,2025-12-26,32 28 13 02 10,02 10 13 28 32,,2,10,13,28,32,,33987250,17173200,0,0
114000234,2025-09-26,2025-12-29,14 34 07 03 25,03 07 14 25 34,,3,7,14,25,34,,35340300,28698000,0,0
114000235,2025-09-27,2025-12-29,13 11 03 28 37,03 11 13 28 37,,3,11,13,28,37,,36732600,16624000,0,0
114000236,2025-09-29,2025-12-29,37 29 15 03 21,03 15 21 29 37,,3,15,21,29,37,,36859550,16112450,0,0
114000237,2025-09-30,2025-12-31,14 21 28 33 20,14 20 21 28 33,,14,20,21,28,33,,34214700,24308700,0,0
114000238,2025-10-01,2026-01-02,12 27 03 22 05,03 05 12 22 27,,3,5,12,22,27,,37134850,12555850,0,0
114000239,2025-10-02,2026-01-02,19 39 10 36 25,10 19 25 36 39,,10,19,25,36,39,,34640600,8608550,0,0
114000240,2025-10-03,2026-01-06,10 16 21 28 19,10 16 19 21 28,,10,16,19,21,28,,36582650,32864900,0,0
114000241,2025-10-04,2026-01-06,10 03 04 39 18,03 04 10 18 39,,3,4,10,18,39,,38063300,9155000,0,0
114000242,2025-10-06,2026-01-06,05 06 03 13 12,03 05 06 12 13,,3,5,6,12,13,,40623650,20536100,0,0
114000243,2025-10-07,2026-01-07,28 34 16 01 20,01 16 20 28 34,,1,16,20,28,34,,35512250,8323650,0,0
114000244,2025-10-08,2026-01-08,09 26 39 38 03,03 09 26 38 39,,3,9,26,38,39,,38126400,12196850,0,0
114000245,2025-10-09,2026-01-12,02 12 04 15 29,02 04 12 15 29,,2,4,12,15,29,,36057200,26275500,0,0
114000246,2025-10-10,2026-01-12,31 03 36 06 24,03 06 24 31 36,,3,6,24,31,36,,35748450,17573150,0,0
114000247,2025-10-11,2026-01-12,09 19 22 04 34,04 09 19 22 34,,4,9,19,22,34,,37597200,25387950,0,0
114000248,2025-10-13,2026-01-13,36 13 08 14 22,08 13 14 22 36,,8,13,14,22,36,,39275900,35061350,0,0
114000249,2025-10-14,2026-01-14,04 18 09 24 05,04 05 09 18 24,,4,5,9,18,24,,35196800,10684750,0,0
114000250,2025-10-15,2026-01-15,39 33 07 19 04,04 07 19 33 39,,4,7,19,33,39,,37903200,8912300,0,0
114000251,2025-10-16,2026-01-16,37 18 21 30 04,04 18 21 30 37,,4,18,21,30,37,,34597200,7536350,0,0
114000252,2025-10-17,2026-01-19,31 01 34 21 32,01 21 31 32 34,,1,21,31,32,34,,35545200,15710850,0,0
114000253,2025-10-18,2026-01-19,17 02 35 38 32,02 17 32 35 38,,2,17,32,35,38,,36872700,28586650,0,0
114000254,2025-10-20,2026-01-20,22 06 27 23 13,06 13 22 23 27,,6,13,22,23,27,,34632750,10533200,0,0
114000255,2025-10-21,2026-01-21,13 30 38 37 22,13 22 30 37 38,,13,22,30,37,38,,31624300,6436100,0,0
114000256,2025-10-22,2026-01-22,03 20 04 28 25,03 04 20 25 28,,3,4,20,25,28,,34002850,13178250,0,0
114000257,2025-10-23,2026-01-26,08 37 15 27 38,08 15 27 37 38,,8,15,27,37,38,,33279150,16288850,0,0
114000258,2025-10-24,2026-01-26,37 13 38 08 11,08 11 13 37 38,,8,11,13,37,38,,33122450,8918150,0,0
114000259,2025-10-25,2026-01-26,04 34 03 21 11,03 04 11 21 34,,3,4,11,21,34,,35970000,34603900,0,0
114000260,2025-10-27,2026-01-27,26 37 31 03 20,03 20 26 31 37,,3,20,26,31,37,,37431200,24880900,0,0
114000261,2025-10-28,2026-01-28,31 20 18 25 29,18 20 25 29 31,,18,20,25,29,31,,32522550,6884700,0,0
114000262,2025-10-29,2026-01-29,39 36 33 26 32,26 32 33 36 39,,26,32,33,36,39,,36962050,9312450,0,0
114000263,2025-10-30,2026-01-30,05 31 27 28 37,05 27 28 31 37,,5,27,28,31,37,,33368700,8928450,0,0
114000264,2025-10-31,2026-02-02,18 11 26 25 33,11 18 25 26 33,,11,18,25,26,33,,35884900,33473350,0,0
114000265,2025-11-01,2026-02-02,27 08 28 19 12,08 12 19 27 28,,8,12,19,27,28,,37560100,29366650,0,0
114000266,2025-11-03,2026-02-03,24 36 25 34 37,24 25 34 36 37,,24,25,34,36,37,,37880650,33780700,0,0
114000267,2025-11-04,2026-02-04,07 01 12 29 39,01 07 12 29 39,,1,7,12,29,39,,34298700,10124300,0,0
114000268,2025-11-05,2026-02-05,27 15 11 39 14,11 14 15 27 39,,11,14,15,27,39,,37695700,16989500,0,0
114000269,2025-11-06,2026-02-06,28 07 24 32 31,07 24 28 31 32,,7,24,28,31,32,,34862750,23909200,0,0
114000270,2025-11-07,2026-02-09,37 27 30 22 32,22 27 30 32 37,,22,27,30,32,37,,36594600,8157900,0,0
114000271,2025-11-08,2026-02-09,34 07 08 26 09,07 08 09 26 34,,7,8,9,26,34,,37328500,12332650,0,0
114000272,2025-11-10,2026-02-10,30 17 14 07 15,07 14 15 17 30,,7,14,15,17,30,,36977300,33213800,0,0
114000273,2025-11-11,2026-02-11,31 05 19 34 39,05 19 31 34 39,,5,19,31,34,39,,33633750,23530500,0,0
114000274,2025-11-12,2026-02-12,04 01 14 22 09,01 04 09 14 22,,1,4,9,14,22,,35705200,17757850,0,0
114000275,2025-11-13,2026-02-13,36 18 20 23 13,13 18 20 23 36,,13,18,20,23,36,,33590050,28167150,0,0
114000276,2025-11-14,2026-02-23,11 38 37 15 02,02 11 15 37 38,,2,11,15,37,38,,38764650,12201550,0,0
114000277,2025-11-15,2026-02-23,20 29 12 28 25,12 20 25 28 29,,12,20,25,28,29,,39964200,36925400,0,0
114000278,2025-11-17,2026-02-23,16 26 29 07 04,04 07 16 26 29,,4,7,16,26,29,,40484400,19512150,0,0
114000279,2025-11-18,2026-02-23,37 14 31 24 36,14 24 31 36 37,,14,24,31,36,37,,35233350,25246850,0,0
114000280,2025-11-19,2026-02-23,28 20 11 31 03,03 11 20 28 31,,3,11,20,28,31,,39251000,26931750,0,0
114000281,2025-11-20,2026-02-23,33 36 05 38 01,01 05 33 36 38,,1,5,33,36,38,,36864950,17563050,0,0
114000282,2025-11-21,2026-02-23,05 35 28 17 10,05 10 17 28 35,,5,10,17,28,35,,37611700,20106500,0,0
114000283,2025-11-22,2026-02-23,37 10 33 13 32,10 13 32 33 37,,10,13,32,33,37,,40177800,17133700,0,0
114000284,2025-11-24,2026-02-24,02 04 05 17 31,02 04 05 17 31,,2,4,5,17,31,,41626200,17940300,0,0
114000285,2025-11-25,2026-02-25,38 39 30 36 09,09 30 36 38 39,,9,30,36,38,39,,36284350,18454900,0,0
114000286,2025-11-26,2026-02-26,34 28 26 07 13,07 13 26 28 34,,7,13,26,28,34,,39610450,38836400,0,0
114000287,2025-11-27,2026-03-02,22 19 07 25 28,07 19 22 25 28,,7,19,22,25,28,,36051450,25290700,0,0
114000288,2025-11-28,2026-03-02,14 08 22 13 28,08 13 14 22 28,,8,13,14,22,28,,37404300,18559250,0,0
114000289,2025-11-29,2026-03-02,08 27 30 36 33,08 27 30 33 36,,8,27,30,33,36,,39963500,26114000,0,0
114000290,2025-12-01,2026-03-02,20 02 03 24 04,02 03 04 20 24,,2,3,4,20,24,,41495650,20357700,0,0
114000291,2025-12-02,2026-03-02,05 13 29 08 02,02 05 08 13 29,,2,5,8,13,29,,36555400,10971400,0,0
114000292,2025-12-03,2026-03-03,09 35 05 33 14,05 09 14 33 35,,5,9,14,33,35,,39166500,26631150,0,0
114000293,2025-12-04,2026-03-04,07 25 37 20 01,01 07 20 25 37,,1,7,20,25,37,,36601700,9980600,0,0
114000294,2025-12-05,2026-03-09,29 16 17 02 03,02 03 16 17 29,,2,3,16,17,29,,37895550,32653150,0,0
114000295,2025-12-06,2026-03-09,24 06 32 23 22,06 22 23 24 32,,6,22,23,24,32,,40190600,13654550,0,0
114000296,2025-12-08,2026-03-09,27 23 05 31 28,05 23 27 28 31,,5,23,27,28,31,,42175600,36979000,0,0
114000297,2025-12-09,2026-03-09,39 15 07 08 30,07 08 15 30 39,,7,8,15,30,39,,37076200,19394050,0,0
114000298,2025-12-10,2026-03-10,04 11 07 26 16,04 07 11 16 26,,4,7,11,16,26,,42001050,37179150,0,0
114000299,2025-12-11,2026-03-11,02 25 17 26 06,02 06 17 25 26,,2,6,17,25,26,,38481450,18236900,0,0
114000300,2025-12-12,2026-03-16,26 24 35 10 28,10 24 26 28 35,,10,24,26,28,35,,38548350,9955850,0,0
114000301,2025-12-13,2026-03-16,21 09 31 38 02,02 09 21 31 38,,2,9,21,31,38,,39218200,11064700,0,0
114000302,2025-12-15,2026-03-16,03 27 29 17 38,03 17 27 29 38,,3,17,27,29,38,,41253100,26701050,0,0
114000303,2025-12-16,2026-03-16,02 33 10 35 14,02 10 14 33 35,,2,10,14,33,35,,36857950,8093700,0,0
114000304,2025-12-17,2026-03-17,32 06 07 19 05,05 06 07 19 32,,5,6,7,19,32,,40331450,21652050,0,0
114000305,2025-12-18,2026-03-18,36 32 04 33 09,04 09 32 33 36,,4,9,32,33,36,,37567550,8760750,0,0
114000306,2025-12-19,2026-03-23,27 30 16 12 23,12 16 23 27 30,,12,16,23,27,30,,37843450,11914800,0,0
114000307,2025-12-20,2026-03-23,38 05 35 01 16,01 05 16 35 38,,1,5,16,35,38,,39446450,17833700,0,0
114000308,2025-12-22,2026-03-23,27 02 22 24 38,02 22 24 27 38,,2,22,24,27,38,,43266400,11203700,0,0
114000309,2025-12-23,2026-03-23,30 09 24 22 35,09 22 24 30 35,,9,22,24,30,35,,38186950,24699750,0,0
114000310,2025-12-24,2026-03-25,14 30 02 25 03,02 03 14 25 30,,2,3,14,25,30,,40496950,9855200,0,0
114000311,2025-12-25,2026-03-25,14 18 28 36 39,14 18 28 36 39,,14,18,28,36,39,,34665350,8752500,0,0
114000312,2025-12-26,2026-03-30,01 20 27 36 10,01 10 20 27 36,,1,10,20,27,36,,35874650,17590550,0,0
114000313,2025-12-27,2026-03-30,38 28 01 15 19,01 15 19 28 38,,1,15,19,28,38,,38387550,9564350,0,0
114000314,2025-12-29,2026-03-30,29 13 10 37 05,05 10 13 29 37,,5,10,13,29,37,,40914100,40006650,0,0
114000315,2025-12-30,2026-03-30,12 27 24 33 11,11 12 24 27 33,,11,12,24,27,33,,36326150,11620500,0,0
114000316,2025-12-31,2026-04-01,08 11 35 10 26,08 10 11 26 35,,8,10,11,26,35,,42771800,28459650,0,0
115000024,2026-01-28,2026-04-28,10 24 23 11 29,10 11 23 24 29,,10,11,23,24,29,,40813800,36469250,0,0
115000025,2026-01-29,2026-04-29,37 11 36 06 28,06 11 28 36 37,,6,11,28,36,37,,39544350,9799100,0,0
115000026,2026-01-30,2026-05-04,16 29 36 30 17,16 17 29 30 36,,16,17,29,30,36,,39535650,17056500,0,0
115000027,2026-01-31,2026-05-04,21 32 05 12 16,05 12 16 21 32,,5,12,16,21,32,,40841700,10169450,0,0
115000028,2026-02-02,2026-05-04,38 08 06 31 37,06 08 31 37 38,,6,8,31,37,38,,46145350,19681950,0,0
115000029,2026-02-03,2026-05-04,05 23 11 15 03,03 05 11 15 23,,3,5,11,15,23,,40581950,40137900,0,0
115000030,2026-02-04,2026-05-04,17 08 28 22 27,08 17 22 27 28,,8,17,22,27,28,,45847900,14235600,0,0
115000031,2026-02-05,2026-05-05,08 09 35 32 13,08 09 13 32 35,,8,9,13,32,35,,43727300,35560950,0,0
115000032,2026-02-06,2026-05-08,01 32 06 34 29,01 06 29 32 34,,1,6,29,32,34,,41727850,9920150,0,0
115000033,2026-02-07,2026-05-08,27 08 22 03 32,03 08 22 27 32,,3,8,22,27,32,,43953350,19232400,0,0
115000034,2026-02-09,2026-05-11,35 31 21 25 16,16 21 25 31 35,,16,21,25,31,35,,51106200,36384900,0,0
115000035,2026-02-10,2026-05-11,36 11 17 10 22,10 11 17 22 36,,10,11,17,22,36,,42184250,20491250,0,0
115000036,2026-02-11,2026-05-11,29 33 11 15 18,11 15 18 29 33,,11,15,18,29,33,,46635700,29117150,0,0
115000037,2026-02-12,2026-05-12,12 01 35 37 21,01 12 21 35 37,,1,12,21,35,37,,58129000,45468900,0,0
115000038,2026-02-13,2026-05-22,31 34 04 28 33,04 28 31 33 34,,4,28,31,33,34,,58293700,34025250,0,0
115000039,2026-02-14,2026-05-22,03 36 13 31 01,01 03 13 31 36,,1,3,13,31,36,,58735300,36695950,0,0
115000040,2026-02-15,2026-05-22,22 13 18 11 34,11 13 18 22 34,,11,13,18,22,34,,53953450,14151750,0,0
115000041,2026-02-16,2026-05-22,34 18 05 15 07,05 07 15 18 34,,5,7,15,18,34,,68107450,37126750,0,0
115000042,2026-02-17,2026-05-22,21 08 11 06 20,06 08 11 20 21,,6,8,11,20,21,,75479650,42972950,0,0
115000043,2026-02-18,2026-05-22,12 10 08 33 32,08 10 12 32 33,,8,10,12,32,33,,74832100,51058500,0,0
115000044,2026-02-19,2026-05-22,15 19 25 08 27,08 15 19 25 27,,8,15,19,25,27,,72896600,29415050,0,0
115000045,2026-02-20,2026-05-22,23 27 22 11 04,04 11 22 23 27,,4,11,22,23,27,,75361250,33674450,0,0
115000046,2026-02-21,2026-05-22,08 20 01 25 19,01 08 19 20 25,,1,8,19,20,25,,75055250,49896700,0,0
115000047,2026-02-22,2026-05-22,13 16 08 24 25,08 13 16 24 25,,8,13,16,24,25,,63074900,16349600,0,0
115000048,2026-02-23,2026-05-25,03 36 10 12 27,03 10 12 27 36,,3,10,12,27,36,,62761250,48078350,0,0
115000049,2026-02-24,2026-05-25,32 23 16 25 36,16 23 25 32 36,,16,23,25,32,36,,60982200,24682300,0,0
115000050,2026-02-25,2026-05-25,28 35 22 36 05,05 22 28 35 36,,5,22,28,35,36,,60288200,46480200,0,0
115000051,2026-02-26,2026-06-01,39 06 03 09 31,03 06 09 31 39,,3,6,9,31,39,,57747650,28758900,0,0
115000052,2026-02-27,2026-06-01,22 39 01 37 23,01 22 23 37 39,,1,22,23,37,39,,56458000,43698000,0,0
115000053,2026-02-28,2026-06-01,27 04 26 02 13,02 04 13 26 27,,2,4,13,26,27,,54422450,47837900,0,0
115000054,2026-03-01,2026-06-01,15 08 31 02 29,02 08 15 29 31,,2,8,15,29,31,,47866050,43140250,0,0
115000055,2026-03-02,2026-06-02,21 27 03 20 12,03 12 20 21 27,,3,12,20,21,27,,56219550,38115550,0,0
115000056,2026-03-03,2026-06-03,32 21 19 35 02,02 19 21 32 35,,2,19,21,32,35,,63167550,24408950,0,0
115000057,2026-03-04,2026-06-04,16 12 04 08 17,04 08 12 16 17,,4,8,12,16,17,,45436900,30224350,0,0
115000058,2026-03-05,2026-06-05,36 12 04 01 08,01 04 08 12 36,,1,4,8,12,36,,43087600,11715550,0,0
115000059,2026-03-06,2026-06-08,34 32 24 29 19,19 24 29 32 34,,19,24,29,32,34,,43006850,16938750,0,0
115000060,2026-03-07,2026-06-08,36 15 34 18 17,15 17 18 34 36,,15,17,18,34,36,,45136350,10344400,0,0
115000061,2026-03-09,2026-06-09,32 38 12 07 15,07 12 15 32 38,,7,12,15,32,38,,46860900,11713450,0,0
115000062,2026-03-10,2026-06-10,11 17 14 32 12,11 12 14 17 32,,11,12,14,17,32,,39034550,19610400,0,0
115000063,2026-03-11,2026-06-11,15 05 37 38 26,05 15 26 37 38,,5,15,26,37,38,,45962650,28188350,0,0
115000064,2026-03-12,2026-06-12,07 35 05 04 23,04 05 07 23 35,,4,5,7,23,35,,40955150,11259550,0,0
115000065,2026-03-13,2026-06-15,15 02 12 05 11,02 05 11 12 15,,2,5,11,12,15,,41652750,37499850,0,0
115000066,2026-03-14,2026-06-15,18 08 10 34 20,08 10 18 20 34,,8,10,18,20,34,,44241650,14978900,0,0
115000067,2026-03-16,2026-06-16,34 19 17 21 29,17 19 21 29 34,,17,19,21,29,34,,47529750,20368400,0,0
115000068,2026-03-17,2026-06-17,27 19 22 11 13,11 13 19 22 27,,11,13,19,22,27,,39643050,27604700,0,0
115000069,2026-03-18,2026-06-18,21 32 22 31 35,21 22 31 32 35,,21,22,31,32,35,,43761450,26067050,0,0
115000070,2026-03-19,2026-06-22,23 05 25 30 37,05 23 25 30 37,,5,23,25,30,37,,39520050,20386650,0,0
115000071,2026-03-20,2026-06-22,11 33 15 03 39,03 11 15 33 39,,3,11,15,33,39,,44138200,39882550,0,0
115000072,2026-03-21,2026-06-22,19 07 15 22 14,07 14 15 19 22,,7,14,15,19,22,,42802950,10715800,0,0
115000073,2026-03-23,2026-06-23,29 12 07 35 24,07 12 24 29 35,,7,12,24,29,35,,44174650,29019100,0,0
115000074,2026-03-24,2026-06-24,36 29 10 20 28,10 20 28 29 36,,10,20,28,29,36,,38335100,25942650,0,0
115000075,2026-03-25,2026-06-25,31 13 36 33 03,03 13 31 33 36,,3,13,31,33,36,,41241100,28224650,0,0
115000076,2026-03-26,2026-06-26,14 24 37 17 20,14 17 20 24 37,,14,17,20,24,37,,38028450,9014000,0,0
115000077,2026-03-27,2026-06-29,08 34 35 18 24,08 18 24 34 35,,8,18,24,34,35,,37491400,33568200,0,0
115000078,2026-03-28,2026-06-29,16 17 11 09 06,06 09 11 16 17,,6,9,11,16,17,,40508400,15331450,0,0
115000079,2026-03-30,2026-06-30,08 06 22 32 20,06 08 20 22 32,,6,8,20,22,32,,43179800,11029900,0,0
115000080,2026-03-31,2026-06-30,23 16 35 39 09,09 16 23 35 39,,9,16,23,35,39,,37387550,25831250,0,0
115000081,2026-04-01,2026-07-01,03 23 13 11 10,03 10 11 13 23,,3,10,11,13,23,,40032550,36596250,0,0
115000082,2026-04-02,2026-07-06,18 13 09 01 21,01 09 13 18 21,,1,9,13,18,21,,39237900,17391000,0,0
115000083,2026-04-03,2026-07-06,08 06 25 35 09,06 08 09 25 35,,6,8,9,25,35,,36430600,10161550,0,0
115000084,2026-04-04,2026-07-06,04 25 36 17 31,04 17 25 31 36,,4,17,25,31,36,,35272850,10134000,0,0
115000085,2026-04-06,2026-07-06,34 11 31 17 07,07 11 17 31 34,,7,11,17,31,34,,40001250,26953050,0,0
115000086,2026-04-07,2026-07-07,21 04 27 29 08,04 08 21 27 29,,4,8,21,27,29,,33474400,9944050,0,0
115000087,2026-04-08,2026-07-08,29 05 02 04 06,02 04 05 06 29,,2,4,5,6,29,,41089700,18881150,0,0
115000088,2026-04-09,2026-07-09,38 02 15 31 25,02 15 25 31 38,,2,15,25,31,38,,37334550,16724750,0,0
115000089,2026-04-10,2026-07-13,09 30 25 21 27,09 21 25 27 30,,9,21,25,27,30,,38634250,16932250,0,0
115000090,2026-04-11,2026-07-13,24 31 17 12 07,07 12 17 24 31,,7,12,17,24,31,,40170300,21711200,0,0
115000091,2026-04-13,2026-07-13,38 18 37 31 30,18 30 31 37 38,,18,30,31,37,38,,42377450,16854550,0,0
115000092,2026-04-14,2026-07-14,33 27 14 29 09,09 14 27 29 33,,9,14,27,29,33,,36235700,26846050,0,0
115000093,2026-04-15,2026-07-15,30 02 11 29 09,02 09 11 29 30,,2,9,11,29,30,,39045350,10697750,0,0
115000094,2026-04-16,2026-07-16,21 12 30 08 06,06 08 12 21 30,,6,8,12,21,30,,35989900,36711600,0,0
115000095,2026-04-17,2026-07-20,07 26 02 01 16,01 02 07 16 26,,1,2,7,16,26,,37991400,10512850,0,0
115000096,2026-04-18,2026-07-20,29 07 25 26 31,07 25 26 29 31,,7,25,26,29,31,,39537350,34220900,0,0
115000097,2026-04-20,2026-07-20,03 05 20 04 36,03 04 05 20 36,,3,4,5,20,36,,41539450,40344450,0,0
115000098,2026-04-21,2026-07-21,14 28 26 01 06,01 06 14 26 28,,1,6,14,26,28,,36285400,17065650,0,0
115000099,2026-04-22,2026-07-22,07 38 24 39 05,05 07 24 38 39,,5,7,24,38,39,,39257000,11678400,0,0
115000100,2026-04-23,2026-07-23,10 17 35 25 02,02 10 17 25 35,,2,10,17,25,35,,34703050,18714400,0,0
115000101,2026-04-24,2026-07-27,16 21 25 34 29,16 21 25 29 34,,16,21,25,29,34,,34303900,8960100,0,0
115000102,2026-04-25,2026-07-27,03 20 22 33 21,03 20 21 22 33,,3,20,21,22,33,,37852850,18155100,0,0
115000103,2026-04-27,2026-07-27,23 20 18 27 08,08 18 20 23 27,,8,18,20,23,27,,41444050,24335400,0,0
115000104,2026-04-28,2026-07-28,21 38 07 35 08,07 08 21 35 38,,7,8,21,35,38,,36455600,9618100,0,0
115000105,2026-04-29,2026-07-29,32 06 36 02 22,02 06 22 32 36,,2,6,22,32,36,,37516400,19476850,0,0
115000106,2026-04-30,2026-08-03,15 31 30 06 27,06 15 27 30 31,,6,15,27,30,31,,35425850,8678550,0,0
115000107,2026-05-01,2026-08-03,16 03 02 20 14,02 03 14 16 20,,2,3,14,16,20,,37001250,25295000,0,0
115000108,2026-05-02,2026-08-03,09 08 38 25 17,08 09 17 25 38,,8,9,17,25,38,,38674850,41921200,0,0
115000109,2026-05-04,2026-08-04,08 26 39 36 22,08 22 26 36 39,,8,22,26,36,39,,39961600,33295200,0,0
115000110,2026-05-05,2026-08-05,16 37 08 24 27,08 16 24 27 37,,8,16,24,27,37,,32307200,17836200,0,0
115000111,2026-05-06,2026-08-06,10 11 39 34 04,04 10 11 34 39,,4,10,11,34,39,,40277850,28513100,0,0
115000112,2026-05-07,2026-08-07,01 36 25 18 06,01 06 18 25 36,,1,6,18,25,36,,37192550,35111600,0,0
115000113,2026-05-08,2026-08-10,28 26 19 23 18,18 19 23 26 28,,18,19,23,26,28,,37745100,19831950,0,0
115000114,2026-05-09,2026-08-10,25 18 21 22 11,11 18 21 22 25,,11,18,21,22,25,,40104650,10226900,0,0
115000115,2026-05-11,2026-08-11,37 21 13 36 02,02 13 21 36 37,,2,13,21,36,37,,42308100,9583350,0,0
115000116,2026-05-12,2026-08-12,01 04 22 12 26,01 04 12 22 26,,1,4,12,22,26,,36279500,26896850,0,0
115000117,2026-05-13,2026-08-13,23 07 02 06 09,02 06 07 09 23,,2,6,7,9,23,,36790400,19371950,0,0
115000118,2026-05-14,2026-08-14,08 39 18 28 35,08 18 28 35 39,,8,18,28,35,39,,34588400,26379800,0,0
115000119,2026-05-15,2026-08-17,23 01 13 36 25,01 13 23 25 36,,1,13,23,25,36,,37059400,33784350,0,0
115000120,2026-05-16,2026-08-17,11 33 32 02 28,02 11 28 32 33,,2,11,28,32,33,,38615150,9815250,0,0
115000121,2026-05-18,2026-08-18,20 15 32 33 08,08 15 20 32 33,,8,15,20,32,33,,40957400,25966300,0,0
115000122,2026-05-19,2026-08-19,04 32 06 24 31,04 06 24 31 32,,4,6,24,31,32,,34850950,23329700,0,0
115000123,2026-05-20,2026-08-20,21 20 23 01 35,01 20 21 23 35,,1,20,21,23,35,,38485100,9117600,0,0
115000124,2026-05-21,2026-08-21,36 34 09 28 25,09 25 28 34 36,,9,25,28,34,36,,35422050,19150750,0,0
115000125,2026-05-22,2026-08-24,37 04 08 16 15,04 08 15 16 37,,4,8,15,16,37,,35765250,26098650,0,0
115000126,2026-05-23,2026-08-24,15 38 16 24 06,06 15 16 24 38,,6,15,16,24,38,,37016350,17511850,0,0
115000127,2026-05-25,2026-08-25,12 36 06 05 37,05 06 12 36 37,,5,6,12,36,37,,39130450,19222050,0,0
115000128,2026-05-26,2026-08-26,02 14 07 11 37,02 07 11 14 37,,2,7,11,14,37,,33626800,34692550,0,0
115000129,2026-05-27,2026-08-27,21 18 03 19 02,02 03 18 19 21,,2,3,18,19,21,,36470750,25740300,0,0
115000130,2026-05-28,2026-08-28,09 31 12 19 06,06 09 12 19 31,,6,9,12,19,31,,34357750,17882800,0,0
115000131,2026-05-29,2026-08-31,34 12 35 15 20,12 15 20 34 35,,12,15,20,34,35,,34293400,7820400,0,0
115000132,2026-05-30,2026-08-31,03 04 02 39 13,02 03 04 13 39,,2,3,4,13,39,,36485050,8993300,0,0
115000133,2026-06-01,2026-09-01,14 05 19 20 28,05 14 19 20 28,,5,14,19,20,28,,39795200,26995250,0,0
115000134,2026-06-02,2026-09-02,07 22 30 12 26,07 12 22 26 30,,7,12,22,26,30,,33557100,26939750,0,0
115000135,2026-06-03,2026-09-03,08 02 17 25 38,02 08 17 25 38,,2,8,17,25,38,,36098300,40150197,0,0
115000136,2026-06-04,2026-09-04,35 29 02 24 08,02 08 24 29 35,,2,8,24,29,35,,32125250,8027750,0,0
115000137,2026-06-05,2026-09-07,07 26 31 27 21,07 21 26 27 31,,7,21,26,27,31,,32961450,16548150,0,0
115000138,2026-06-06,2026-09-07,30 37 38 13 27,13 27 30 37 38,,13,27,30,37,38,,38121400,8613700,0,0
115000139,2026-06-08,2026-09-08,17 18 28 08 14,08 14 17 18 28,,8,14,17,18,28,,37037950,28112600,0,0
115000140,2026-06-09,2026-09-09,28 25 17 10 20,10 17 20 25 28,,10,17,20,25,28,,29974350,16475450,0,0
115000141,2026-06-10,2026-09-10,39 32 35 01 04,01 04 32 35 39,,1,4,32,35,39,,36682250,35154750,0,0
115000142,2026-06-11,2026-09-11,29 20 08 15 31,08 15 20 29 31,,8,15,20,29,31,,34647050,25563750,0,0
115000143,2026-06-12,2026-09-14,06 18 29 08 31,06 08 18 29 31,,6,8,18,29,31,,33571100,25521700,0,0
115000144,2026-06-13,2026-09-14,34 06 05 36 04,04 05 06 34 36,,4,5,6,34,36,,37880700,18421450,0,0
115000145,2026-06-15,2026-09-15,28 36 12 24 16,12 16 24 28 36,,12,16,24,28,36,,37252100,10359900,0,0
115000146,2026-06-16,2026-09-16,29 25 05 23 17,05 17 23 25 29,,5,17,23,25,29,,33914050,18346250,0,0
115000147,2026-06-17,2026-09-17,37 08 16 15 10,08 10 15 16 37,,8,10,15,16,37,,37900800,18615550,0,0
115000148,2026-06-18,2026-09-21,30 20 09 28 27,09 20 27 28 30,,9,20,27,28,30,,36799550,26711900,0,0
115000149,2026-06-19,2026-09-21,01 05 13 07 25,01 05 07 13 25,,1,5,7,13,25,,35715500,35604300,0,0
115000150,2026-06-20,2026-09-21,25 24 31 04 11,04 11 24 25 31,,4,11,24,25,31,,37720850,11181100,0,0
115000151,2026-06-22,2026-09-22,29 34 28 01 07,01 07 28 29 34,,1,7,28,29,34,,39569550,9914750,0,0
115000152,2026-06-23,2026-09-23,29 25 14 02 36,02 14 25 29 36,,2,14,25,29,36,,34961950,9515000,0,0
115000153,2026-06-24,2026-09-24,33 32 21 17 03,03 17 21 32 33,,3,17,21,32,33,,36613150,40174550,0,0
115000154,2026-06-25,2026-09-29,13 21 29 34 06,06 13 21 29 34,,6,13,21,29,34,,30871000,15477400,0,0
115000155,2026-06-26,2026-09-29,10 26 36 08 14,08 10 14 26 36,,8,10,14,26,36,,32352850,9422350,0,0
115000156,2026-06-27,2026-09-29,32 04 31 14 21,04 14 21 31 32,,4,14,21,31,32,,35275300,15513650,0,0
115000157,2026-06-29,2026-09-29,36 30 15 34 11,11 15 30 34 36,,11,15,30,34,36,,38045350,8631000,0,0
115000158,2026-06-30,2026-09-30,37 11 03 23 26,03 11 23 26 37,,3,11,23,26,37,,35260300,9956950,0,0
115000159,2026-07-01,2026-10-01,34 03 12 01 14,01 03 12 14 34,,1,3,12,14,34,,36419100,16877450,0,0
115000160,2026-07-02,2026-10-02,01 13 08 30 06,01 06 08 13 30,,1,6,8,13,30,,32884250,25159200,0,0
115000161,2026-07-03,2026-10-05,36 07 37 11 31,07 11 31 36 37,,7,11,31,36,37,,35326050,10921850,0,0
115000162,2026-07-04,2026-10-05,15 37 10 02 31,02 10 15 31 37,,2,10,15,31,37,,36259550,16312700,0,0
115000163,2026-07-06,2026-10-06,12 14 10 38 01,01 10 12 14 38,,1,10,12,14,38,,37107750,18692200,0,0
115000164,2026-07-07,2026-10-07,24 09 34 21 27,09 21 24 27 34,,9,21,24,27,34,,34677800,10588500,0,0
115000165,2026-07-08,2026-10-08,01 11 30 23 34,01 11 23 30 34,,1,11,23,30,34,,36113050,8930700,0,0
115000166,2026-07-09,2026-10-12,28 18 35 37 22,18 22 28 35 37,,18,22,28,35,37,,33876150,11932450,0,0
115000167,2026-07-10,2026-10-12,21 15 13 05 26,05 13 15 21 26,,5,13,15,21,26,,33953300,17669500,0,0
115000168,2026-07-11,2026-10-12,27 35 38 10 25,10 25 27 35 38,,10,25,27,35,38,,25290200,14171150,0,0
115000169,2026-07-13,2026-10-13,34 03 35 04 05,03 04 05 34 35,,3,4,5,34,35,,36211300,33521950,0,0
115000170,2026-07-14,2026-10-14,15 13 37 06 01,01 06 13 15 37,,1,6,13,15,37,,34281750,26138450,0,0
115000171,2026-07-15,2026-10-15,16 30 21 06 19,06 16 19 21 30,,6,16,19,21,30,,36200400,16793050,0,0
115000172,2026-07-16,2026-10-16,25 13 28 31 30,13 25 28 30 31,,13,25,28,30,31,,32751450,7036500,0,0
115000173,2026-07-17,2026-10-19,10 12 28 35 29,10 12 28 29 35,,10,12,28,29,35,,36066800,9773100,0,0
115000174,2026-07-18,2026-10-19,33 29 18 34 37,18 29 33 34 37,,18,29,33,34,37,,35454150,17120450,0,0
115000175,2026-07-20,2026-10-20,24 13 10 20 12,10 12 13 20 24,,10,12,13,20,24,,36660850,9543850,0,0
115000176,2026-07-21,2026-10-21,37 39 27 19 12,12 19 27 37 39,,12,19,27,37,39,,34130700,8074650,0,0
115000177,2026-07-22,2026-10-22,31 14 19 21 03,03 14 19 21 31,,3,14,19,21,31,,34959700,17149700,0,0
115000178,2026-07-23,2026-10-23,25 19 14 26 12,12 14 19 25 26,,12,14,19,25,26,,32711000,15734000,0,0
115000179,2026-07-24,2026-10-27,05 36 17 29 27,05 17 27 29 36,,5,17,27,29,36,,35720100,19296450,0,0
115000180,2026-07-25,2026-10-27,39 08 12 23 16,08 12 16 23 39,,8,12,16,23,39,,34034450,19587850,0,0
115000181,2026-07-27,2026-10-27,19 16 32 24 07,07 16 19 24 32,,7,16,19,24,32,,35369650,17730650,0,0
115000182,2026-07-28,2026-10-28,08 31 23 13 05,05 08 13 23 31,,5,8,13,23,31,,35369600,27498500,0,0
115000183,2026-07-29,2026-10-29,33 36 05 14 32,05 14 32 33 36,,5,14,32,33,36,,35711450,16154350,0,0
115000184,2026-07-30,2026-10-30,16 08 04 38 07,04 07 08 16 38,,4,7,8,16,38,,33097650,9290400,0,0
115000185,2026-07-31,2026-11-02,01 12 25 09 26,01 09 12 25 26,,1,9,12,25,26,,34709650,28321950,0,0
115000186,2026-08-01,2026-11-02,06 22 29 11 18,06 11 18 22 29,,6,11,18,22,29,,36780950,45718800,0,0
115000187,2026-08-03,2026-11-03,07 28 21 35 23,07 21 23 28 35,,7,21,23,28,35,,39517050,18382800,0,0
115000188,2026-08-04,2026-11-04,32 39 37 35 09,09 32 35 37 39,,9,32,35,37,39,,34725650,8091900,0,0
115000189,2026-08-05,2026-11-05,29 22 02 04 25,02 04 22 25 29,,2,4,22,25,29,,37660750,9447850,0,0
115000190,2026-08-06,2026-11-06,24 09 16 35 03,03 09 16 24 35,,3,9,16,24,35,,34976850,32564250,0,0
115000191,2026-08-07,2026-11-09,13 06 11 12 19,06 11 12 13 19,,6,11,12,13,19,,35570950,36985200,0,0
115000192,2026-08-08,2026-11-09,05 31 11 24 32,05 11 24 31 32,,5,11,24,31,32,,37807350,16902850,0,0
115000193,2026-08-10,2026-11-10,23 35 16 07 01,01 07 16 23 35,,1,7,16,23,35,,38506800,21803750,0,0
115000194,2026-08-11,2026-11-11,07 19 23 30 17,07 17 19 23 30,,7,17,19,23,30,,35872050,9206950,0,0
115000195,2026-08-12,2026-11-12,32 07 12 17 20,07 12 17 20 32,,7,12,17,20,32,,37969850,9732450,0,0
115000196,2026-08-13,2026-11-13,17 18 05 11 12,05 11 12 17 18,,5,11,12,17,18,,34924900,10258900,0,0
115000197,2026-08-14,2026-11-16,34 25 07 19 21,07 19 21 25 34,,7,19,21,25,34,,35406950,26043100,0,0
115000198,2026-08-15,2026-11-16,35 21 37 14 12,12 14 21 35 37,,12,14,21,35,37,,36512950,10531900,0,0
115000199,2026-08-17,2026-11-17,22 38 28 19 27,19 22 27 28 38,,19,22,27,28,38,,38673950,34468200,0,0
115000200,2026-08-18,2026-11-18,28 39 05 06 10,05 06 10 28 39,,5,6,10,28,39,,34726700,34331150,0,0
115000201,2026-08-19,2026-11-19,32 02 07 06 38,02 06 07 32 38,,2,6,7,32,38,,34092150,15199000,0,0
115000202,2026-08-20,2026-11-20,14 32 34 04 27,04 14 27 32 34,,4,14,27,32,34,,32472700,7365200,0,0
115000203,2026-08-21,2026-11-23,18 20 29 12 11,11 12 18 20 29,,11,12,18,20,29,,32258050,25250900,0,0
115000204,2026-08-22,2026-11-23,09 29 34 30 10,09 10 29 30 34,,9,10,29,30,34,,33300450,15910900,0,0
115000205,2026-08-24,2026-11-24,26 09 10 19 23,09 10 19 23 26,,9,10,19,23,26,,32850300,24838800,0,0
115000206,2026-08-25,2026-11-25,08 23 35 30 21,08 21 23 30 35,,8,21,23,30,35,,30287250,15804700,0,0
115000207,2026-08-26,2026-11-26,13 35 23 38 19,13 19 23 35 38,,13,19,23,35,38,,36726550,7982950,0,0
115000208,2026-08-27,2026-11-27,07 02 25 03 33,02 03 07 25 33,,2,3,7,25,33,,33292050,26400100,0,0
115000209,2026-08-28,2026-11-30,36 09 12 02 04,02 04 09 12 36,,2,4,9,12,36,,34648300,17945500,0,0
115000210,2026-08-29,2026-11-30,33 06 03 17 23,03 06 17 23 33,,3,6,17,23,33,,34797150,9563650,0,0
115000211,2026-08-31,2026-11-30,05 10 39 12 33,05 10 12 33 39,,5,10,12,33,39,,35617900,9653900,0,0
115000212,2026-09-01,2026-12-01,22 30 02 04 38,02 04 22 30 38,,2,4,22,30,38,,29985050,7065500,0,0
115000213,2026-09-02,2026-12-02,07 18 08 13 16,07 08 13 16 18,,7,8,13,16,18,,35966200,34728200,0,0
115000214,2026-09-03,2026-12-03,22 23 19 18 34,18 19 22 23 34,,18,19,22,23,34,,30336050,14854900,0,0
115000215,2026-09-04,2026-12-07,24 02 15 04 17,02 04 15 17 24,,2,4,15,17,24,,33183300,18310650,0,0
115000216,2026-09-05,2026-12-07,10 03 08 28 38,03 08 10 28 38,,3,8,10,28,38,,36708500,12049700,0,0
115000217,2026-09-07,2026-12-07,35 26 19 31 25,19 25 26 31 35,,19,25,26,31,35,,38724650,17156600,0,0
115000218,2026-09-08,2026-12-08,30 03 29 07 25,03 07 25 29 30,,3,7,25,29,30,,34129950,8755050,0,0
115000219,2026-09-09,2026-12-09,28 08 29 05 06,05 06 08 28 29,,5,6,8,28,29,,37136700,37114850,0,0
115000220,2026-09-10,2026-12-10,38 35 04 14 30,04 14 30 35 38,,4,14,30,35,38,,35183000,8439400,0,0
115000221,2026-09-11,2026-12-14,27 12 15 23 25,12 15 23 25 27,,12,15,23,25,27,,35502200,27518950,0,0
115000222,2026-09-12,2026-12-14,17 24 30 25 06,06 17 24 25 30,,6,17,24,25,30,,37182450,25779600,0,0
115000223,2026-09-14,2026-12-14,39 15 01 32 34,01 15 32 34 39,,1,15,32,34,39,,37192400,25764450,0,0
