期別,開獎日期,兌獎截止日,第一區_開出順序,第一區_大小順序,第二區,第1球,第2球,第3球,第4球,第5球,第6球,銷售總金額,總獎金,頭獎中獎人數,頭獎單注獎金,貳獎中獎人數,貳獎單注獎金
113000001,2024-01-01,2024-04-01,28 16 35 17 11 18,11 16 17 18 28 35,04,11,16,17,18,28,35,55550700,30552885,0,0,2,1116620
113000002,2024-01-04,2024-04-08,03 24 12 06 02 28,02 03 06 12 24 28,05,2,3,6,12,24,28,64923400,53776814,0,0,0,0
113000003,2024-01-08,2024-04-08,29 16 20 03 33 01,01 03 16 20 29 33,01,1,3,16,20,29,33,70106200,77441623,0,0,0,0
113000004,2024-01-11,2024-04-11,16 34 10 22 17 04,04 10 16 17 22 34,05,4,10,16,17,22,34,66086300,98945887,0,0,0,0
113000005,2024-01-15,2024-04-15,10 15 21 35 29 27,10 15 21 27 29 35,08,10,15,21,27,29,35,68574100,121727541,0,0,1,9874303
113000006,2024-01-18,2024-04-18,14 04 06 31 34 02,02 04 06 14 31 34,03,2,4,6,14,31,34,65073400,133751407,0,0,1,2418291
113000007,2024-01-22,2024-04-22,27 12 09 17 31 14,09 12 14 17 27 31,06,9,12,14,17,27,31,66303300,216439933,1,200000000,0,0
113000008,2024-01-25,2024-04-25,17 11 03 26 29 10,03 10 11 17 26 29,01,3,10,11,17,26,29,58108800,34435072,0,0,0,0
113000009,2024-01-29,2024-04-29,25 15 32 06 36 22,06 15 22 25 32 36,03,6,15,22,25,32,36,68305000,59959821,0,0,1,7304560
113000010,2024-02-01,2024-05-02,13 21 25 04 29 23,04 13 21 23 25 29,07,4,13,21,23,25,29,64931600,74786040,0,0,1,2415234
113000011,2024-02-05,2024-05-06,01 30 21 16 18 38,01 16 18 21 30 38,06,1,16,18,21,30,38,84036400,304835125,0,0,0,0
113000012,2024-02-08,2024-05-14,10 15 20 24 34 25,10 15 20 24 25 34,02,10,15,20,24,25,34,87108900,335985419,0,0,1,6529986
113000013,2024-02-12,2024-05-14,28 02 30 35 18 21,02 18 21 28 30 35,08,2,18,21,28,30,35,162079900,400592577,0,0,1,6082399
113000014,2024-02-15,2024-05-15,07 02 17 33 32 22,02 07 17 22 32 33,04,2,7,17,22,32,33,154509500,445641002,0,0,1,5824326
113000015,2024-02-19,2024-05-20,05 38 06 33 18 26,05 06 18 26 33 38,05,5,6,18,26,33,38,145097900,487588720,0,0,1,5093928
113000016,2024-02-22,2024-05-22,04 17 25 24 13 14,04 13 14 17 24 25,04,4,13,14,17,24,25,125099000,517803841,0,0,1,4631808
113000017,2024-02-26,2024-05-27,11 37 07 12 35 04,04 07 11 12 35 37,08,4,7,11,12,35,37,158498300,573648997,1,534310798,0,0
113000018,2024-02-29,2024-05-31,17 24 01 11 02 29,01 02 11 17 24 29,04,1,2,11,17,24,29,70475500,44673823,0,0,0,0
113000019,2024-03-04,2024-06-04,37 24 38 05 10 03,03 05 10 24 37 38,07,3,5,10,24,37,38,70965200,67950282,0,0,0,0
113000020,2024-03-07,2024-06-07,20 17 11 27 13 03,03 11 13 17 20 27,02,3,11,13,17,20,27,63611800,87480171,0,0,0,0
113000021,2024-03-11,2024-06-11,26 33 30 05 14 11,05 11 14 26 30 33,03,5,11,14,26,30,33,66976000,111145570,0,0,0,0
113000022,2024-03-14,2024-06-14,11 02 12 21 30 15,02 11 12 15 21 30,06,2,11,12,15,21,30,63470200,131329980,0,0,0,0
113000023,2024-03-18,2024-06-18,19 35 23 10 02 11,02 10 11 19 23 35,01,2,10,11,19,23,35,66775000,154344329,0,0,0,0
113000024,2024-03-21,2024-06-21,16 26 08 01 17 38,01 08 16 17 26 38,07,1,8,16,17,26,38,62570600,174168658,0,0,0,0
113000025,2024-03-25,2024-06-25,38 23 02 24 15 16,02 15 16 23 24 38,05,2,15,16,23,24,38,63997300,196661072,0,0,0,0
113000026,2024-03-28,2024-06-28,31 19 15 09 02 24,02 09 15 19 24 31,04,2,9,15,19,24,31,59911200,215744031,0,0,0,0
113000027,2024-04-01,2024-07-01,37 36 35 03 27 09,03 09 27 35 36 37,02,3,9,27,35,36,37,62021300,237458245,0,0,0,0
113000028,2024-04-04,2024-08-06,14 17 03 22 33 24,03 14 17 22 24 33,01,3,14,17,22,24,33,58114500,256405419,0,0,0,0
113000029,2024-04-08,2024-08-06,23 05 06 18 11 08,05 06 08 11 18 23,05,5,6,8,11,18,23,68663000,282616768,0,0,0,0
113000030,2024-04-11,2024-08-06,14 11 36 25 12 30,11 12 14 25 30 36,03,11,12,14,25,30,36,69181900,304392412,0,0,0,0
113000031,2024-04-15,2024-08-06,14 07 27 08 36 06,06 07 08 14 27 36,07,6,7,8,14,27,36,77744300,332397176,1,276010078,0,0
113000032,2024-04-18,2024-08-06,21 18 02 16 34 37,02 16 18 21 34 37,05,2,16,18,21,34,37,56859600,71298677,0,0,0,0
113000033,2024-04-22,2024-08-06,14 35 02 22 19 31,02 14 19 22 31 35,01,2,14,19,22,31,35,61647600,93440356,0,0,0,0
113000034,2024-04-25,2024-08-06,36 37 34 31 20 03,03 20 31 34 36 37,07,3,20,31,34,36,37,53316600,110437285,0,0,0,0
113000035,2024-04-29,2024-08-06,19 31 25 30 35 08,08 19 25 30 31 35,07,8,19,25,30,31,35,62905500,135102209,0,0,0,0
113000036,2024-05-02,2024-08-06,13 17 33 35 26 24,13 17 24 26 33 35,06,13,17,24,26,33,35,61291700,157311943,0,0,0,0
113000037,2024-05-06,2024-08-06,25 30 04 31 34 13,04 13 25 30 31 34,07,4,13,25,30,31,34,65399000,180078392,0,0,0,0
113000038,2024-05-09,2024-08-09,14 10 37 22 35 29,10 14 22 29 35 37,07,10,14,22,29,35,37,62094700,202175076,0,0,0,0
113000039,2024-05-13,2024-08-13,15 33 35 23 20 26,15 20 23 26 33 35,07,15,20,23,26,33,35,64464800,225820115,0,0,0,0
113000040,2024-05-16,2024-08-16,02 10 13 18 30 01,01 02 10 13 18 30,01,1,2,10,13,18,30,62902500,248270889,0,0,0,0
113000041,2024-05-20,2024-08-20,32 01 05 07 33 19,01 05 07 19 32 33,03,1,5,7,19,32,33,65685100,271754993,0,0,0,0
113000042,2024-05-23,2024-08-23,04 08 14 25 37 21,04 08 14 21 25 37,03,4,8,14,21,25,37,61283200,291774352,0,0,0,0
113000043,2024-05-27,2024-08-27,04 29 33 20 01 26,01 04 20 26 29 33,04,1,4,20,26,29,33,67972600,316199081,0,0,0,0
113000044,2024-05-30,2024-08-30,07 06 31 16 21 27,06 07 16 21 27 31,06,6,7,16,21,27,31,69124200,340601290,0,0,0,0
113000045,2024-06-03,2024-09-03,04 35 22 03 36 11,03 04 11 22 35 36,03,3,4,11,22,35,36,73819400,366851559,0,0,0,0
113000046,2024-06-06,2024-09-06,17 38 25 05 13 33,05 13 17 25 33 38,01,5,13,17,25,33,38,74842900,391790653,0,0,0,0
113000047,2024-06-10,2024-09-10,11 15 29 26 28 05,05 11 15 26 28 29,07,5,11,15,26,28,29,91292600,424779282,0,0,0,0
113000048,2024-06-13,2024-09-13,15 32 18 02 05 35,02 05 15 18 32 35,03,2,5,15,18,32,35,88123900,453611626,1,352034904,0,0
113000049,2024-06-17,2024-09-18,31 05 29 28 22 30,05 22 28 29 30 31,08,5,22,28,29,30,31,65175700,119382456,0,0,0,0
113000050,2024-06-20,2024-09-20,11 27 24 36 30 10,10 11 24 27 30 36,07,10,11,24,27,30,36,61073600,138807735,0,0,0,0
113000051,2024-06-24,2024-09-24,07 26 16 13 25 22,07 13 16 22 25 26,08,7,13,16,22,25,26,62099000,160991084,0,0,0,0
113000052,2024-06-27,2024-09-27,14 29 15 11 02 17,02 11 14 15 17 29,01,2,11,14,15,17,29,62297500,182579308,0,0,0,0
113000053,2024-07-01,2024-10-01,02 33 12 17 30 03,02 03 12 17 30 33,05,2,3,12,17,30,33,66119100,206382912,0,0,0,0
113000054,2024-07-04,2024-10-04,30 24 23 25 38 21,21 23 24 25 30 38,01,21,23,24,25,30,38,63636800,226155251,0,0,0,0
113000055,2024-07-08,2024-10-08,11 32 30 10 13 37,10 11 13 30 32 37,05,10,11,13,30,32,37,67477600,252304430,0,0,0,0
113000056,2024-07-11,2024-10-11,10 15 29 36 12 09,09 10 12 15 29 36,04,9,10,12,15,29,36,67807900,275716874,0,0,0,0
113000057,2024-07-15,2024-10-15,25 04 33 01 11 19,01 04 11 19 25 33,02,1,4,11,19,25,33,69396000,298827673,0,0,0,0
113000058,2024-07-18,2024-10-18,12 19 08 23 28 31,08 12 19 23 28 31,05,8,12,19,23,28,31,65660300,317518438,0,0,0,0
113000059,2024-07-22,2024-10-22,11 31 32 17 38 14,11 14 17 31 32 38,08,11,14,17,31,32,38,76829100,346170242,0,0,0,0
113000060,2024-07-25,2024-10-25,27 04 32 38 11 23,04 11 23 27 32 38,07,4,11,23,27,32,38,51493300,358809956,0,0,1,112596488
113000061,2024-07-29,2024-10-29,03 11 27 06 30 28,03 06 11 27 28 30,01,3,6,11,27,28,30,75333300,276560582,1,257565248,0,0
113000062,2024-08-01,2024-11-01,26 25 34 03 13 31,03 13 25 26 31 34,05,3,13,25,26,31,34,55794700,33460318,0,0,0,0
113000063,2024-08-05,2024-11-05,07 35 02 14 29 15,02 07 14 15 29 35,03,2,7,14,15,29,35,59935500,54437642,0,0,0,0
113000064,2024-08-08,2024-11-08,21 29 03 02 37 34,02 03 21 29 34 37,08,2,3,21,29,34,37,60136700,71483526,0,0,0,0
113000065,2024-08-12,2024-11-12,02 10 09 20 30 17,02 09 10 17 20 30,04,2,9,10,17,20,30,61711100,93131630,0,0,0,0
113000066,2024-08-15,2024-11-15,04 14 24 16 06 20,04 06 14 16 20 24,02,4,6,14,16,20,24,55764500,109874404,0,0,0,0
113000067,2024-08-19,2024-11-19,10 17 21 06 22 29,06 10 17 21 22 29,06,6,10,17,21,22,29,58762900,129597098,0,0,0,0
113000068,2024-08-22,2024-11-22,05 34 20 19 31 15,05 15 19 20 31 34,02,5,15,19,20,31,34,57939500,147718522,0,0,0,0
113000069,2024-08-26,2024-11-26,26 15 18 25 30 29,15 18 25 26 29 30,01,15,18,25,26,29,30,61410900,170654116,0,0,0,0
113000070,2024-08-29,2024-11-29,31 25 38 32 24 09,09 24 25 31 32 38,03,9,24,25,31,32,38,56759100,189937920,0,0,0,0
113000071,2024-09-02,2024-12-02,24 09 37 31 16 27,09 16 24 27 31 37,04,9,16,24,27,31,37,58997300,210709734,0,0,0,0
113000072,2024-09-05,2024-12-05,10 14 28 16 25 38,10 14 16 25 28 38,04,10,14,16,25,28,38,57146700,230390918,0,0,0,0
113000073,2024-09-09,2024-12-09,31 27 22 21 07 36,07 21 22 27 31 36,07,7,21,22,27,31,36,62356400,253624537,0,0,0,0
113000074,2024-09-12,2024-12-12,27 33 12 38 10 21,10 12 21 27 33 38,08,10,12,21,27,33,38,63479000,274896686,0,0,0,0
113000075,2024-09-16,2024-12-17,08 17 25 23 26 14,08 14 17 23 25 26,04,8,14,17,23,25,26,74089000,301715235,0,0,0,0
113000076,2024-09-19,2024-12-19,30 08 16 03 24 26,03 08 16 24 26 30,04,3,8,16,24,26,30,70742700,323471819,0,0,0,0
113000077,2024-09-23,2024-12-23,13 04 24 14 23 29,04 13 14 23 24 29,08,4,13,14,23,24,29,69474100,347786373,0,0,0,0
113000078,2024-09-26,2024-12-26,03 18 09 06 29 11,03 06 09 11 18 29,03,3,6,9,11,18,29,77751100,376621177,0,0,0,0
113000079,2024-09-30,2024-12-31,13 14 33 03 09 17,03 09 13 14 17 33,05,3,9,13,14,17,33,83568200,404347686,0,0,0,0
113000080,2024-10-03,2025-01-03,17 11 18 19 30 36,11 17 18 19 30 36,08,11,17,18,19,30,36,61513000,419864735,0,0,0,0
113000081,2024-10-07,2025-01-07,29 22 09 27 21 36,09 21 22 27 29 36,05,9,21,22,27,29,36,98474900,461713929,0,0,0,0
113000082,2024-10-10,2025-01-10,23 37 02 14 08 20,02 08 14 20 23 37,08,2,8,14,20,23,37,99347600,496760508,0,0,1,54806666
113000083,2024-10-14,2025-01-14,10 22 23 27 06 25,06 10 22 23 25 27,08,6,10,22,23,25,27,113662200,483512051,0,0,0,0
113000084,2024-10-17,2025-01-17,10 25 05 03 02 30,02 03 05 10 25 30,06,2,3,5,10,25,30,125997900,529115595,0,0,0,0
113000085,2024-10-21,2025-01-21,04 06 23 38 13 19,04 06 13 19 23 38,07,4,6,13,19,23,38,145620100,580389049,0,0,1,14253294
113000086,2024-10-24,2025-01-24,08 20 33 28 29 10,08 10 20 28 29 33,02,8,10,20,28,29,33,144021400,615531724,0,0,1,5228769
113000087,2024-10-28,2025-02-03,23 35 37 09 33 11,09 11 23 33 35 37,02,9,11,23,33,35,37,170355300,672320869,1,631260423,0,0
113000088,2024-10-31,2025-02-03,04 37 08 14 17 12,04 08 12 14 17 37,04,4,8,12,14,17,37,42501400,29881215,0,0,0,0
113000089,2024-11-04,2025-02-04,20 14 23 07 22 01,01 07 14 20 22 23,01,1,7,14,20,22,23,61016100,54123569,0,0,0,0
113000090,2024-11-07,2025-02-07,38 05 21 34 26 28,05 21 26 28 34 38,06,5,21,26,28,34,38,56379200,71736028,0,0,0,0
113000091,2024-11-11,2025-02-11,09 28 17 33 08 03,03 08 09 17 28 33,02,3,8,9,17,28,33,59381600,92722007,0,0,0,0
113000092,2024-11-14,2025-02-14,06 15 23 22 37 31,06 15 22 23 31 37,05,6,15,22,23,31,37,55821000,110674856,0,0,0,0
113000093,2024-11-18,2025-02-18,13 38 36 09 08 21,08 09 13 21 36 38,08,8,9,13,21,36,38,57447900,129942900,0,0,0,0
113000094,2024-11-21,2025-02-21,12 13 08 27 16 18,08 12 13 16 18 27,06,8,12,13,16,18,27,54928400,146024519,0,0,0,0
113000095,2024-11-25,2025-02-25,07 33 14 25 37 19,07 14 19 25 33 37,03,7,14,19,25,33,37,61761800,169107108,0,0,0,0
113000096,2024-11-28,2025-03-03,33 36 25 34 32 20,20 25 32 33 34 36,07,20,25,32,33,34,36,57087800,186000397,0,0,0,0
113000097,2024-12-02,2025-03-03,22 38 08 21 37 36,08 21 22 36 37 38,05,8,21,22,36,37,38,62542800,209210836,0,0,0,0
113000098,2024-12-05,2025-03-05,30 33 14 19 38 10,10 14 19 30 33 38,03,10,14,19,30,33,38,60330600,228843865,0,0,0,0
113000099,2024-12-09,2025-03-10,31 36 18 13 30 26,13 18 26 30 31 36,05,13,18,26,30,31,36,63747200,251896824,0,0,0,0
113000100,2024-12-12,2025-03-12,11 23 14 30 25 17,11 14 17 23 25 30,08,11,14,17,23,25,30,63210400,274512143,0,0,0,0
113000101,2024-12-16,2025-03-17,03 37 30 27 19 36,03 19 27 30 36 37,07,3,19,27,30,36,37,69720200,296946552,0,0,0,0
113000102,2024-12-19,2025-03-19,18 38 09 06 23 08,06 08 09 18 23 38,05,6,8,9,18,23,38,66185800,319971441,0,0,0,0
113000103,2024-12-23,2025-03-24,37 15 25 16 18 34,15 16 18 25 34 37,04,15,16,18,25,34,37,70905900,341629785,0,0,0,0
113000104,2024-12-26,2025-03-26,13 15 37 18 28 35,13 15 18 28 35 37,04,13,15,18,28,35,37,84013500,373596409,0,0,0,0
113000105,2024-12-30,2025-03-31,08 12 16 06 31 23,06 08 12 16 23 31,01,6,8,12,16,23,31,92570700,408093393,0,0,0,0
114000001,2025-01-02,2025-04-02,27 32 22 12 04 13,04 12 13 22 27 32,05,4,12,13,22,27,32,94719700,438942927,0,0,1,51950768
114000002,2025-01-06,2025-04-07,17 38 14 29 04 31,04 14 17 29 31 38,07,4,14,17,29,31,38,104988100,425437513,0,0,1,3988518
114000003,2025-01-09,2025-04-09,34 31 01 16 15 04,01 04 15 16 31 34,04,1,4,15,16,31,34,105145400,457794764,0,0,1,4141815
114000004,2025-01-13,2025-04-14,33 03 26 28 22 13,03 13 22 26 28 33,02,3,13,22,26,28,33,116853000,497744998,0,0,0,0
114000005,2025-01-16,2025-04-16,19 37 10 21 31 16,10 16 19 21 31 37,03,10,16,19,21,31,37,121701800,536576087,0,0,0,0
114000006,2025-01-20,2025-04-21,11 08 37 27 29 13,08 11 13 27 29 37,02,8,11,13,27,29,37,142520400,589215306,0,0,1,13842856
114000007,2025-01-23,2025-04-23,25 10 07 13 29 22,07 10 13 22 25 29,02,7,10,13,22,25,29,146242300,625910414,0,0,0,0
114000008,2025-01-27,2025-05-02,15 02 35 25 18 10,02 10 15 18 25 35,08,2,10,15,18,25,35,175482000,693169513,0,0,0,0
114000009,2025-01-30,2025-05-02,03 21 20 37 17 24,03 17 20 21 24 37,06,3,17,20,21,24,37,298200200,820214423,0,0,2,11471552
114000010,2025-02-03,2025-05-05,33 36 15 31 07 04,04 07 15 31 33 36,06,4,7,15,31,33,36,380006600,940111348,0,0,1,14457776
114000011,2025-02-06,2025-05-06,33 37 32 18 21 06,06 18 21 32 33 37,01,6,18,21,32,33,37,365877600,1049316951,0,0,0,0
114000012,2025-02-10,2025-05-12,06 07 13 08 24 14,06 07 08 13 14 24,04,6,7,8,13,14,24,445095000,1220875200,0,0,1,30331842
114000013,2025-02-13,2025-05-13,18 02 03 30 36 11,02 03 11 18 30 36,07,2,3,11,18,30,36,488575800,1362213147,0,0,2,8864761
114000014,2025-02-17,2025-05-19,21 01 17 31 34 23,01 17 21 23 31 34,01,1,17,21,23,31,34,607792500,1571230298,0,0,2,11847548
114000015,2025-02-20,2025-05-20,32 06 37 05 19 15,05 06 15 19 32 37,08,5,6,15,19,32,37,813457100,1876060705,0,0,3,10186275
114000016,2025-02-24,2025-05-26,24 16 15 35 23 07,07 15 16 23 24 35,02,7,15,16,23,24,35,1110966000,2286939279,1,2007288888,7,5851027
114000017,2025-02-27,2025-06-02,08 26 34 24 07 01,01 07 08 24 26 34,02,1,7,8,24,26,34,86350800,47492940,0,0,0,0
114000018,2025-03-03,2025-06-03,12 32 15 23 26 20,12 15 20 23 26 32,05,12,15,20,23,26,32,80301600,74192919,0,0,1,6275072
114000019,2025-03-06,2025-06-06,18 15 05 09 17 29,05 09 15 17 18 29,04,5,9,15,17,18,29,65057800,86552836,0,0,0,0
114000020,2025-03-10,2025-06-10,17 20 31 13 27 16,13 16 17 20 27 31,02,13,16,17,20,27,31,73658100,113754890,0,0,0,0
114000021,2025-03-13,2025-06-13,24 03 25 04 16 13,03 04 13 16 24 25,07,3,4,13,16,24,25,62296700,134015874,0,0,0,0
114000022,2025-03-17,2025-06-17,18 03 01 28 02 12,01 02 03 12 18 28,04,1,2,3,12,18,28,64827200,156255333,0,0,0,0
114000023,2025-03-20,2025-06-20,38 18 12 01 31 03,01 03 12 18 31 38,08,1,3,12,18,31,38,62910300,176677397,0,0,0,0
114000024,2025-03-24,2025-06-24,33 17 25 24 03 22,03 17 22 24 25 33,03,3,17,22,24,25,33,66125100,199421101,0,0,1,14583485
114000025,2025-03-27,2025-06-27,08 21 07 32 35 26,07 08 21 26 32 35,02,7,8,21,26,32,35,59378800,201423055,0,0,1,2192040
114000026,2025-03-31,2025-06-30,07 20 09 06 12 02,02 06 07 09 12 20,04,2,6,7,9,12,20,57814000,218298014,0,0,0,0
114000027,2025-04-03,2025-07-07,09 15 36 21 02 29,02 09 15 21 29 36,07,2,9,15,21,29,36,60283300,238141429,0,0,0,0
114000028,2025-04-07,2025-07-07,13 36 31 24 25 21,13 21 24 25 31 36,04,13,21,24,25,31,36,71272800,264664868,0,0,0,0
114000029,2025-04-10,2025-07-10,34 16 20 09 29 23,09 16 20 23 29 34,04,9,16,20,23,29,34,66421800,287164757,0,0,0,0
114000030,2025-04-14,2025-07-14,20 29 09 05 01 38,01 05 09 20 29 38,02,1,5,9,20,29,38,75816800,316515596,0,0,1,12573722
114000031,2025-04-17,2025-07-17,03 27 02 01 05 17,01 02 03 05 17 27,08,1,2,3,5,17,27,74700600,329318503,0,0,0,0
114000032,2025-04-21,2025-07-21,05 29 09 35 20 36,05 09 20 29 35 36,08,5,9,20,29,35,36,83019400,358716872,0,0,0,0
114000033,2025-04-24,2025-07-24,17 07 29 25 36 37,07 17 25 29 36 37,05,7,17,25,29,36,37,79981600,384789651,0,0,0,0
114000034,2025-04-28,2025-07-28,29 17 32 02 14 19,02 14 17 19 29 32,05,2,14,17,19,29,32,90255500,417778175,0,0,0,0
114000035,2025-05-01,2025-08-01,25 14 27 19 20 30,14 19 20 25 27 30,04,14,19,20,25,27,30,98971200,454335134,0,0,0,0
114000036,2025-05-05,2025-08-05,11 08 35 07 19 09,07 08 09 11 19 35,04,7,8,9,11,19,35,111962800,496610173,0,0,0,0
114000037,2025-05-08,2025-08-08,17 31 08 37 05 09,05 08 09 17 31 37,01,5,8,9,17,31,37,117378500,536620547,0,0,0,0
114000038,2025-05-12,2025-08-12,08 34 38 35 26 02,02 08 26 34 35 38,04,2,8,26,34,35,38,134852600,584908776,0,0,0,0
114000039,2025-05-15,2025-08-15,26 21 01 02 23 08,01 02 08 21 23 26,01,1,2,8,21,23,26,138277800,634636365,0,0,1,35147019
114000040,2025-05-19,2025-08-19,15 10 22 37 29 27,10 15 22 27 29 37,03,10,15,22,27,29,37,171414500,666882520,0,0,0,0
114000041,2025-05-22,2025-08-22,12 38 25 34 06 21,06 12 21 25 34 38,03,6,12,21,25,34,38,164680800,721009159,0,0,1,12403733
114000042,2025-05-26,2025-08-26,17 23 37 14 13 24,13 14 17 23 24 37,06,13,14,17,23,24,37,186683100,775637730,0,0,0,0
114000043,2025-05-29,2025-09-01,22 20 05 06 35 09,05 06 09 20 22 35,07,5,6,9,20,22,35,188952000,836708029,0,0,0,0
114000044,2025-06-02,2025-09-02,01 18 31 21 05 16,01 05 16 18 21 31,02,1,5,16,18,21,31,236427900,924007074,0,0,1,22100390
114000045,2025-06-05,2025-09-05,12 34 22 16 20 35,12 16 20 22 34 35,05,12,16,20,22,34,35,263329400,996605453,0,0,0,0
114000046,2025-06-09,2025-09-09,19 07 03 24 31 09,03 07 09 19 24 31,02,3,7,9,19,24,31,344377300,1132083967,0,0,4,5551462
114000047,2025-06-12,2025-09-12,38 15 12 13 26 05,05 12 13 15 26 38,05,5,12,13,15,26,38,367706400,1233678335,0,0,1,13543466
114000048,2025-06-16,2025-09-16,26 04 21 18 12 11,04 11 12 18 21 26,03,4,11,12,18,21,26,413018600,1368178998,0,0,0,0
114000049,2025-06-19,2025-09-19,38 07 01 21 36 20,01 07 20 21 36 38,06,1,7,20,21,36,38,458584800,1531827637,0,0,2,16321083
114000050,2025-06-23,2025-09-23,11 31 33 20 06 32,06 11 20 31 32 33,06,6,11,20,31,32,33,509251500,1685211895,0,0,1,19718778
114000051,2025-06-26,2025-09-26,07 15 23 01 26 38,01 07 15 23 26 38,04,1,7,15,23,26,38,589275000,1888767666,1,1738137784,10,2144028
114000052,2025-06-30,2025-09-30,22 15 09 03 01 27,01 03 09 15 22 27,05,1,3,9,15,22,27,67824100,37303255,0,0,0,0
114000053,2025-07-03,2025-10-03,38 20 11 30 14 27,11 14 20 27 30 38,06,11,14,20,27,30,38,59864300,55293219,0,0,0,0
114000054,2025-07-07,2025-10-07,37 38 07 14 09 23,07 09 14 23 37 38,03,7,9,14,23,37,38,55619900,73840463,0,0,0,0
114000055,2025-07-10,2025-10-13,31 14 07 01 02 28,01 02 07 14 28 31,02,1,2,7,14,28,31,54269300,91813477,0,0,1,8828959
114000056,2025-07-14,2025-10-14,03 06 22 38 37 19,03 06 19 22 37 38,04,3,6,19,22,37,38,59962700,104413802,0,0,0,0
114000057,2025-07-17,2025-10-17,01 25 21 28 04 06,01 04 06 21 25 28,02,1,4,6,21,25,28,55660800,122170341,0,0,0,0
114000058,2025-07-21,2025-10-21,24 38 10 18 36 20,10 18 20 24 36 38,04,10,18,20,24,36,38,54831900,141669585,0,0,0,0
114000059,2025-07-24,2025-10-27,03 10 38 33 04 07,03 04 07 10 33 38,05,3,4,7,10,33,38,54785000,160831234,0,0,0,0
114000060,2025-07-28,2025-10-28,18 36 12 24 22 16,12 16 18 22 24 36,05,12,16,18,22,24,36,54023500,178547958,0,0,0,0
114000061,2025-07-31,2025-10-31,20 04 09 29 18 31,04 09 18 20 29 31,03,4,9,18,20,29,31,53504700,197243242,0,0,0,0
114000062,2025-08-04,2025-11-04,15 16 30 27 22 32,15 16 22 27 30 32,01,15,16,22,27,30,32,55098200,216875051,0,0,0,0
114000063,2025-08-07,2025-11-07,04 02 25 08 07 18,02 04 07 08 18 25,07,2,4,7,8,18,25,61866600,240547180,0,0,0,0
114000064,2025-08-11,2025-11-11,09 19 16 03 05 18,03 05 09 16 18 19,02,3,5,9,16,18,19,67622900,262566574,0,0,0,0
114000065,2025-08-14,2025-11-14,19 36 01 17 14 11,01 11 14 17 19 36,03,1,11,14,17,19,36,63527900,283010218,0,0,1,21856303
114000066,2025-08-18,2025-11-18,08 17 20 02 05 26,02 05 08 17 20 26,06,2,5,8,17,20,26,70622600,287114144,1,268911196,0,0
114000067,2025-08-21,2025-11-21,16 02 11 04 12 19,02 04 11 12 16 19,02,2,4,11,12,16,19,55559900,33108892,0,0,0,0
114000068,2025-08-25,2025-11-25,01 37 12 36 14 21,01 12 14 21 36 37,03,1,12,14,21,36,37,59167600,52946171,0,0,0,0
114000069,2025-08-28,2025-11-28,17 14 30 23 09 13,09 13 14 17 23 30,05,9,13,14,17,23,30,56115100,72278075,0,0,0,0
114000070,2025-09-01,2025-12-01,18 28 29 07 02 16,02 07 16 18 28 29,04,2,7,16,18,28,29,59348100,92828229,0,0,0,0
114000071,2025-09-04,2025-12-04,07 09 38 06 11 21,06 07 09 11 21 38,08,6,7,9,11,21,38,55655100,111125033,0,0,0,0
114000072,2025-09-08,2025-12-08,15 14 08 36 25 07,07 08 14 15 25 36,06,7,8,14,15,25,36,58746000,129124632,0,0,0,0
114000073,2025-09-11,2025-12-11,31 21 35 27 11 18,11 18 21 27 31 35,06,11,18,21,27,31,35,56476600,147614462,0,0,0,0
114000074,2025-09-15,2025-12-15,04 33 20 16 34 38,04 16 20 33 34 38,02,4,16,20,33,34,38,59234400,169205281,0,0,0,0
114000075,2025-09-18,2025-12-18,28 36 20 10 32 25,10 20 25 28 32 36,02,10,20,25,28,32,36,56619500,188907305,0,0,0,0
114000076,2025-09-22,2025-12-22,10 22 14 11 33 31,10 11 14 22 31 33,02,10,11,14,22,31,33,59277900,210473649,0,0,0,0
114000077,2025-09-25,2025-12-26,14 35 12 28 08 24,08 12 14 24 28 35,03,8,12,14,24,28,35,56880200,229993458,0,0,0,0
114000078,2025-09-29,2025-12-29,17 20 36 16 12 27,12 16 17 20 27 36,03,12,16,17,20,27,36,59048100,249648012,0,0,1,28462968
114000079,2025-10-02,2026-01-02,05 27 12 24 03 30,03 05 12 24 27 30,07,3,5,12,24,27,30,62149000,243833793,1,227106478,0,0
114000080,2025-10-06,2026-01-06,14 15 37 09 06 05,05 06 09 14 15 37,05,5,6,9,14,15,37,62422600,36489744,0,0,0,0
114000081,2025-10-09,2026-01-12,35 06 11 20 34 01,01 06 11 20 34 35,08,1,6,11,20,34,35,57487800,54002833,0,0,0,0
114000082,2025-10-13,2026-01-13,06 18 04 28 08 24,04 06 08 18 24 28,01,4,6,8,18,24,28,58587800,74611322,0,0,0,0
114000083,2025-10-16,2026-01-16,09 16 08 35 13 26,08 09 13 16 26 35,02,8,9,13,16,26,35,54461600,91278401,0,0,1,10718269
114000084,2025-10-20,2026-01-20,24 12 19 32 22 08,08 12 19 22 24 32,05,8,12,19,22,24,32,52180600,97965261,0,0,1,1904334
114000085,2025-10-23,2026-01-26,32 09 35 05 21 11,05 09 11 21 32 35,08,5,9,11,21,32,35,50552200,112477436,0,0,0,0
114000086,2025-10-27,2026-01-27,27 36 20 16 01 11,01 11 16 20 27 36,06,1,11,16,20,27,36,55325100,215679118,1,200000000,0,0
114000087,2025-10-30,2026-01-30,17 21 24 20 13 14,13 14 17 20 21 24,02,13,14,17,20,21,24,50652500,31746892,0,0,0,0
114000088,2025-11-03,2026-02-03,35 30 18 32 20 04,04 18 20 30 32 35,04,4,18,20,30,32,35,53591700,50991226,0,0,1,7907769
114000089,2025-11-06,2026-02-06,25 20 29 18 37 11,11 18 20 25 29 37,08,11,18,20,25,29,37,51999100,61122961,0,0,0,0
114000090,2025-11-10,2026-02-10,28 31 29 32 12 06,06 12 28 29 31 32,04,6,12,28,29,31,32,52760900,79768255,0,0,2,2024406
114000091,2025-11-13,2026-02-13,26 02 15 09 34 11,02 09 11 15 26 34,04,2,9,11,15,26,34,49644200,92586351,0,0,0,0
114000092,2025-11-17,2026-02-23,34 36 28 18 17 19,17 18 19 28 34 36,06,17,18,19,28,34,36,56519300,112419165,0,0,0,0
114000093,2025-11-20,2026-02-23,35 08 17 03 31 20,03 08 17 20 31 35,07,3,8,17,20,31,35,54229600,131648644,0,0,0,0
114000094,2025-11-24,2026-02-24,33 20 19 09 07 34,07 09 19 20 33 34,07,7,9,19,20,33,34,59688000,153037643,0,0,0,0
114000095,2025-11-27,2026-03-02,35 26 16 09 04 33,04 09 16 26 33 35,02,4,9,16,26,33,35,54963400,171631513,0,0,0,0
114000096,2025-12-01,2026-03-02,08 32 37 11 07 05,05 07 08 11 32 37,02,5,7,8,11,32,37,59636000,193861112,0,0,0,0
114000097,2025-12-04,2026-03-04,03 33 07 10 29 06,03 06 07 10 29 33,01,3,6,7,10,29,33,57179900,211751357,0,0,0,0
114000098,2025-12-08,2026-03-09,37 20 32 05 15 14,05 14 15 20 32 37,02,5,14,15,20,32,37,61830900,234072351,0,0,0,0
114000099,2025-12-11,2026-03-11,15 11 37 06 22 05,05 06 11 15 22 37,07,5,6,11,15,22,37,60592000,254783950,0,0,0,0
114000100,2025-12-15,2026-03-16,32 34 28 19 31 26,19 26 28 31 32 34,06,19,26,28,31,32,34,64930100,277608505,0,0,0,0
114000101,2025-12-18,2026-03-18,15 16 08 29 21 37,08 15 16 21 29 37,05,8,15,16,21,29,37,67827300,302661819,0,0,0,0
114000102,2025-12-22,2026-03-23,32 21 16 05 25 34,05 16 21 25 32 34,08,5,16,21,25,32,34,80973900,332308163,0,0,0,0
114000103,2025-12-25,2026-03-25,28 22 12 06 21 34,06 12 21 22 28 34,08,6,12,21,22,28,34,77778600,358374192,0,0,0,0
114000104,2025-12-29,2026-03-30,11 03 01 32 09 18,01 03 09 11 18 32,06,1,3,9,11,18,32,94221600,393894871,0,0,0,0
115000001,2026-01-01,2026-04-01,07 31 22 35 23 14,07 14 22 23 31 35,01,7,14,22,23,31,35,97678700,427204455,0,0,0,0
115000002,2026-01-05,2026-04-07,14 11 34 37 25 19,11 14 19 25 34 37,04,11,14,19,25,34,37,116182300,470513919,0,0,0,0
115000003,2026-01-08,2026-04-08,33 26 07 17 27 25,07 17 25 26 27 33,03,7,17,25,26,27,33,116373300,509627133,0,0,1,46059842
115000004,2026-01-12,2026-04-13,33 09 14 17 01 38,01 09 14 17 33 38,03,1,9,14,17,33,38,136942500,513266465,0,0,0,0
115000005,2026-01-15,2026-04-15,16 38 26 08 31 10,08 10 16 26 31 38,05,8,10,16,26,31,38,148826700,565792949,0,0,0,0
115000006,2026-01-19,2026-04-20,20 16 10 37 35 23,10 16 20 23 35 37,05,10,16,20,23,35,37,176491100,630430853,0,0,0,0
115000007,2026-01-22,2026-04-22,29 17 11 35 34 30,11 17 29 30 34 35,06,11,17,29,30,34,35,177645600,693942032,0,0,0,0
115000008,2026-01-26,2026-04-27,08 03 32 26 12 38,03 08 12 26 32 38,04,3,8,12,26,32,38,229275700,785564566,0,0,0,0
115000009,2026-01-29,2026-04-29,25 15 05 17 23 10,05 10 15 17 23 25,05,5,10,15,17,23,25,257143500,875971690,0,0,0,0
115000010,2026-02-02,2026-05-04,14 29 01 12 15 27,01 12 14 15 27 29,05,1,12,14,15,27,29,306515600,989511369,0,0,4,13441113
115000011,2026-02-05,2026-05-05,34 37 22 07 28 36,07 22 28 34 36 37,07,7,22,28,34,36,37,392078200,1088594426,0,0,1,14281829
115000012,2026-02-09,2026-05-11,16 13 14 33 37 34,13 14 16 33 34 37,02,13,14,16,33,34,37,537498900,1284128791,0,0,0,0
115000013,2026-02-12,2026-05-12,35 10 06 32 25 22,06 10 22 25 32 35,03,6,10,22,25,32,35,662453200,1540265250,2,677870347,0,0
115000014,2026-02-16,2026-05-22,33 06 36 19 02 38,02 06 19 33 36 38,03,2,6,19,33,36,38,124708000,113978155,0,0,0,0
115000015,2026-02-19,2026-05-22,03 27 12 02 06 23,02 03 06 12 23 27,04,2,3,6,12,23,27,130558100,160573810,0,0,3,18268627
115000016,2026-02-23,2026-05-25,31 10 04 24 35 13,04 10 13 24 31 35,02,4,10,13,24,31,35,120331900,142375671,0,0,0,0
115000017,2026-02-26,2026-06-01,30 37 19 03 38 27,03 19 27 30 37 38,02,3,19,27,30,37,38,80257800,161748160,0,0,1,7626170
115000018,2026-03-02,2026-06-02,29 09 25 23 11 07,07 09 11 23 25 29,05,7,9,11,23,25,29,78980700,222447503,1,200000000,0,0
115000019,2026-03-05,2026-06-05,36 14 11 32 38 07,07 11 14 32 36 38,02,7,11,14,32,36,38,72675000,42565752,0,0,1,5423388
115000020,2026-03-09,2026-06-09,17 11 14 32 01 29,01 11 14 17 29 32,08,1,11,14,17,29,32,71605400,62271233,0,0,0,0
115000021,2026-03-12,2026-06-12,09 04 27 15 25 31,04 09 15 25 27 31,08,4,9,15,25,27,31,65652200,83445242,0,0,0,0
115000022,2026-03-16,2026-06-16,28 32 14 34 26 31,14 26 28 31 32 34,01,14,26,28,31,32,34,69727000,107468791,0,0,0,0
115000023,2026-03-19,2026-06-22,13 09 18 34 14 31,09 13 14 18 31 34,01,9,13,14,18,31,34,63063800,127342280,0,0,0,0
115000024,2026-03-23,2026-06-23,28 01 18 09 38 33,01 09 18 28 33 38,05,1,9,18,28,33,38,67418300,152532944,0,0,0,0
115000025,2026-03-26,2026-06-26,28 22 35 14 38 13,13 14 22 28 35 38,05,13,14,22,28,35,38,60802400,171345063,0,0,0,0
115000026,2026-03-30,2026-06-30,29 02 34 13 21 22,02 13 21 22 29 34,01,2,13,21,22,29,34,64174300,193068827,0,0,1,17486463
115000027,2026-04-02,2026-07-06,15 05 25 17 34 23,05 15 17 23 25 34,06,5,15,17,23,25,34,60377300,197577178,0,0,0,0
115000028,2026-04-06,2026-07-06,05 27 22 35 08 38,05 08 22 27 35 38,04,5,8,22,27,35,38,58547600,215982257,0,0,0,0
115000029,2026-04-09,2026-07-09,29 13 27 09 04 34,04 09 13 27 29 34,03,4,9,13,27,29,34,62334600,236754886,0,0,0,0
115000030,2026-04-13,2026-07-13,16 10 24 19 03 11,03 10 11 16 19 24,05,3,10,11,16,19,24,69108000,260906685,0,0,1,8755946
115000031,2026-04-16,2026-07-16,16 04 38 22 11 30,04 11 16 22 30 38,06,4,11,16,22,30,38,65958900,271490634,0,0,0,0
115000032,2026-04-20,2026-07-20,13 34 07 37 35 19,07 13 19 34 35 37,08,7,13,19,34,35,37,73790800,299393573,0,0,1,5316941
115000033,2026-04-23,2026-07-23,10 16 14 33 15 27,10 14 15 16 27 33,05,10,14,15,16,27,33,73952000,318905731,0,0,0,0
115000034,2026-04-27,2026-07-27,27 38 33 35 08 06,06 08 27 33 35 38,02,6,8,27,33,35,38,87103100,350606636,0,0,1,5809397
115000035,2026-04-30,2026-08-03,01 13 27 30 04 19,01 04 13 19 27 30,08,1,4,13,19,27,30,83520300,371171603,0,0,0,0
115000036,2026-05-04,2026-08-04,29 36 32 21 09 38,09 21 29 32 36 38,02,9,21,29,32,36,38,98126600,409134732,0,0,0,0
115000037,2026-05-07,2026-08-07,38 15 03 24 34 14,03 14 15 24 34 38,03,3,14,15,24,34,38,101822400,445654051,0,0,4,2598711
115000038,2026-05-11,2026-08-11,31 26 19 15 23 38,15 19 23 26 31 38,05,15,19,23,26,31,38,118308500,474408878,0,0,0,0
115000039,2026-05-14,2026-08-14,21 06 08 09 29 17,06 08 09 17 21 29,08,6,8,9,17,21,29,112634400,511495897,0,0,1,8458449
115000040,2026-05-18,2026-08-18,07 06 34 25 29 14,06 07 14 25 29 34,04,6,7,14,25,29,34,136966900,553107542,0,0,0,0
115000041,2026-05-21,2026-08-21,14 06 28 35 38 22,06 14 22 28 35 38,01,6,14,22,28,35,38,137601500,599548366,0,0,1,10159062
115000042,2026-05-25,2026-08-25,09 33 21 24 17 31,09 17 21 24 31 33,03,9,17,21,24,31,33,154707700,645061038,0,0,0,0
115000043,2026-05-28,2026-08-28,31 24 02 38 01 34,01 02 24 31 34 38,03,1,2,24,31,34,38,156666100,697769492,0,0,1,11863993
115000044,2026-06-01,2026-09-01,03 35 09 24 15 08,03 08 09 15 24 35,04,3,8,9,15,24,35,189245500,760047323,0,0,0,0
115000045,2026-06-04,2026-09-04,20 09 12 28 17 35,09 12 17 20 28 35,02,9,12,17,20,28,35,179846700,818517007,0,0,0,0
115000046,2026-06-08,2026-09-08,25 05 14 28 38 07,05 07 14 25 28 38,05,5,7,14,25,28,38,205128700,894143591,0,0,0,0
115000047,2026-06-11,2026-09-11,24 22 26 07 23 33,07 22 23 24 26 33,08,7,22,23,24,26,33,214828900,961052985,0,0,0,0
115000048,2026-06-15,2026-09-15,28 17 29 25 04 19,04 17 19 25 28 29,06,4,17,19,25,28,29,234029600,1045176264,0,0,2,18684646
115000049,2026-06-18,2026-09-21,02 23 09 08 15 18,02 08 09 15 18 23,04,2,8,9,15,18,23,276456100,1110364725,1,1038715450,7,1419610
115000050,2026-06-22,2026-09-22,18 24 21 13 19 11,11 13 18 19 21 24,07,11,13,18,19,21,24,68817800,37849790,0,0,0,0
115000051,2026-06-25,2026-09-29,32 06 28 20 25 10,06 10 20 25 28 32,01,6,10,20,25,28,32,51812300,51108554,0,0,0,0
115000052,2026-06-29,2026-09-29,16 33 05 06 09 15,05 06 09 15 16 33,05,5,6,9,15,16,33,55017800,70266343,0,0,0,0
115000053,2026-07-02,2026-10-02,11 13 22 02 21 35,02 11 13 21 22 35,03,2,11,13,21,22,35,52974600,86800672,0,0,0,0
115000054,2026-07-06,2026-10-06,12 30 15 31 04 24,04 12 15 24 30 31,01,4,12,15,24,30,31,54589600,105504851,0,0,0,0
115000055,2026-07-09,2026-10-12,29 37 10 24 22 35,10 22 24 29 35 37,06,10,22,24,29,35,37,52528700,123246535,0,0,1,12435083
115000056,2026-07-13,2026-10-13,32 35 29 24 38 11,11 24 29 32 35 38,06,11,24,29,32,35,38,48546800,127311891,0,0,0,0
115000057,2026-07-16,2026-10-16,34 25 17 36 29 23,17 23 25 29 34 36,07,17,23,25,29,34,36,50694600,145322920,0,0,0,0
115000058,2026-07-20,2026-10-20,31 13 06 12 29 23,06 12 13 23 29 31,02,6,12,13,23,29,31,52866900,163306614,0,0,0,0
115000059,2026-07-23,2026-10-23,31 21 10 13 08 29,08 10 13 21 29 31,07,8,10,13,21,29,31,50155800,179249603,0,0,0,0
115000060,2026-07-27,2026-10-27,28 19 22 31 35 33,19 22 28 31 33 35,07,19,22,28,31,33,35,50372000,196922902,0,0,0,0
115000061,2026-07-30,2026-10-30,08 21 23 17 19 14,08 14 17 19 21 23,07,8,14,17,19,21,23,50776400,215436222,0,0,1,11481047
115000062,2026-08-03,2026-11-03,04 15 26 22 36 34,04 15 22 26 34 36,07,4,15,22,26,34,36,55456500,224004349,0,0,0,0
115000063,2026-08-06,2026-11-06,07 02 26 33 20 08,02 07 08 20 26 33,04,2,7,8,20,26,33,56156600,244171978,0,0,0,0
115000064,2026-08-10,2026-11-10,11 28 36 31 25 30,11 25 28 30 31 36,03,11,25,28,30,31,36,59897500,265270702,0,0,0,0
115000065,2026-08-13,2026-11-13,01 04 10 19 07 03,01 03 04 07 10 19,06,1,3,4,7,10,19,61051500,286438226,0,0,0,0
115000066,2026-08-17,2026-11-17,19 11 18 35 05 38,05 11 18 19 35 38,08,5,11,18,19,35,38,65466300,309116790,0,0,0,0
115000067,2026-08-20,2026-11-20,02 11 29 09 01 35,01 02 09 11 29 35,02,1,2,9,11,29,35,61434300,327625054,0,0,0,0
115000068,2026-08-24,2026-11-24,23 06 26 07 36 09,06 07 09 23 26 36,07,6,7,9,23,26,36,63481700,348665788,0,0,1,15610044
115000069,2026-08-27,2026-11-27,11 36 24 09 07 02,02 07 09 11 24 36,01,2,7,9,11,24,36,71033600,358871223,0,0,0,0
115000070,2026-08-31,2026-11-30,19 37 04 32 08 12,04 08 12 19 32 37,02,4,8,12,19,32,37,76124300,384569487,0,0,0,0
115000071,2026-09-03,2026-12-03,33 01 06 07 19 30,01 06 07 19 30 33,08,1,6,7,19,30,33,70620900,406814081,0,0,0,0
115000072,2026-09-07,2026-12-07,29 14 17 35 07 22,07 14 17 22 29 35,02,7,14,17,22,29,35,88481800,441537270,1,410236736,2,5588616
115000073,2026-09-10,2026-12-10,08 38 18 29 17 33,08 17 18 29 33 38,02,8,17,18,29,33,38,53610000,212692268,1,200000000,0,0
115000074,2026-09-14,2026-12-14,12 10 29 36 14 16,10 12 14 16 29 36,08,10,12,14,16,29,36,54558300,32082633,0,0,0,0
